symbol,date,open,high,low,close,volume,adj_close
AAPL,2023-01-01,260.02,261.01,259.91,260.02,1363122,260.02
AAPL,2023-01-02,262.79,267.14,261.31,262.79,1084645,262.79
AAPL,2023-01-03,265.45,265.96,264.26,265.45,1440399,265.45
AAPL,2023-01-04,265.73,268.08,262.89,265.73,2086245,265.73
AAPL,2023-01-05,264.47,267.11,261.43,264.47,481599,264.47
AAPL,2023-01-06,270.01,273.19,267.0,270.01,1924877,270.01
AAPL,2023-01-07,269.04,273.25,263.4,269.04,2277264,269.04
AAPL,2023-01-08,269.72,270.19,267.5,269.72,69799386,269.72
AAPL,2023-01-09,267.85,270.68,266.39,267.85,4082590,267.85
AAPL,2023-01-10,265.04,267.46,262.89,265.04,2874626,265.04
AAPL,2023-01-11,264.93,267.44,260.4,264.93,4069171,264.93
AAPL,2023-01-12,272.45,275.07,269.65,272.45,1470407,272.45
AAPL,2023-01-13,273.89,277.79,273.42,273.89,13108671,273.89
AAPL,2023-01-14,281.94,287.66,279.15,281.94,5260565,281.94
AAPL,2023-01-15,287.15,289.11,284.83,287.15,718319,287.15
AAPL,2023-01-16,292.51,298.63,289.81,292.51,494487,292.51
AAPL,2023-01-17,289.76,290.33,284.39,289.76,824970,289.76
AAPL,2023-01-18,289.84,290.6,286.98,289.84,787847,289.84
AAPL,2023-01-19,297.05,298.18,296.33,297.05,1892349,297.05
AAPL,2023-01-20,292.76,296.58,290.19,292.76,3912485,292.76
AAPL,2023-01-21,293.1,298.81,292.4,293.1,698039,293.1
AAPL,2023-01-22,297.12,300.65,295.57,297.12,2127576,297.12
AAPL,2023-01-23,293.41,294.03,289.09,293.41,3050387,293.41
AAPL,2023-01-24,298.3,301.41,296.92,298.3,2381753,298.3
AAPL,2023-01-25,289.69,291.87,285.17,289.69,5076200,289.69
AAPL,2023-01-26,294.86,296.2,291.74,294.86,4449008,294.86
AAPL,2023-01-27,290.04,291.99,284.43,290.04,1349934,290.04
AAPL,2023-01-28,286.03,290.2,285.61,286.03,3534647,286.03
AAPL,2023-01-29,284.77,284.81,281.79,284.77,619581,284.77
AAPL,2023-01-30,280.73,286.1,278.24,280.73,4455845,280.73
AAPL,2023-01-31,281.34,286.33,278.39,281.34,2691015,281.34
AAPL,2023-02-01,274.31,275.31,272.71,274.31,1372660,274.31
AAPL,2023-02-02,279.05,282.13,278.53,279.05,854850,279.05
AAPL,2023-02-03,279.12,279.86,278.37,279.12,3544140,279.12
AAPL,2023-02-04,278.06,281.02,275.14,278.06,4407546,278.06
AAPL,2023-02-05,271.33,275.37,267.45,271.33,2521294,271.33
AAPL,2023-02-06,275.04,277.45,274.9,275.04,2242772,275.04
AAPL,2023-02-07,273.34,277.74,271.81,273.34,3899784,273.34
AAPL,2023-02-08,277.32,278.01,274.31,277.32,2220813,277.32
AAPL,2023-02-09,281.33,286.38,277.54,281.33,10050672,281.33
AAPL,2023-02-10,279.9,281.12,277.4,279.9,1158048,279.9
AAPL,2023-02-11,279.37,283.02,276.19,279.37,7442821,279.37
AAPL,2023-02-12,278.08,279.18,277.66,278.08,1332733,278.08
AAPL,2023-02-13,277.39,280.27,274.9,277.39,10190186,277.39
AAPL,2023-02-14,282.91,286.29,282.32,282.91,5866267,282.91
AAPL,2023-02-15,287.54,292.83,285.41,287.54,942915,287.54
AAPL,2023-02-16,286.94,290.55,283.72,286.94,12312556,286.94
AAPL,2023-02-17,281.11,283.41,279.53,281.11,2823702,281.11
AAPL,2023-02-18,282.61,286.22,279.99,282.61,1743049,282.61
AAPL,2023-02-19,290.94,294.31,288.82,290.94,2991699,290.94
AAPL,2023-02-20,293.49,295.87,291.41,293.49,1699409,293.49
AAPL,2023-02-21,285.45,286.82,278.3,285.45,1852410,285.45
AAPL,2023-02-22,287.4,289.57,283.87,287.4,19337270,287.4
AAPL,2023-02-23,296.14,296.71,292.81,296.14,3898541,296.14
AAPL,2023-02-24,300.5,302.3,299.11,300.5,2036521,300.5
AAPL,2023-02-25,299.76,301.15,293.49,299.76,4851363,299.76
AAPL,2023-02-26,299.99,302.48,297.3,299.99,2337377,299.99
AAPL,2023-02-27,302.53,304.66,298.71,302.53,7590230,302.53
AAPL,2023-02-28,295.43,300.51,293.36,295.43,3562611,295.43
AAPL,2023-03-01,298.04,303.17,296.2,298.04,11892389,298.04
AAPL,2023-03-02,294.72,299.34,292.51,294.72,724235,294.72
AAPL,2023-03-03,292.56,298.16,287.32,292.56,5981736,292.56
AAPL,2023-03-04,294.92,295.63,293.64,294.92,2839673,294.92
AAPL,2023-03-05,302.36,304.11,299.44,302.36,6293272,302.36
AAPL,2023-03-06,303.66,304.61,297.9,303.66,3626470,303.66
AAPL,2023-03-07,292.08,292.79,289.18,292.08,1294357,292.08
AAPL,2023-03-08,297.98,300.95,294.0,297.98,1843973,297.98
AAPL,2023-03-09,296.18,297.44,294.41,296.18,20668462,296.18
AAPL,2023-03-10,296.56,296.6,294.86,296.56,642199,296.56
AAPL,2023-03-11,294.05,297.76,288.5,294.05,3026761,294.05
AAPL,2023-03-12,291.16,295.16,288.66,291.16,6390783,291.16
AAPL,2023-03-13,295.24,299.18,294.69,295.24,12225597,295.24
AAPL,2023-03-14,298.84,302.25,291.69,298.84,2890027,298.84
AAPL,2023-03-15,300.16,301.25,295.53,300.16,44218454,300.16
AAPL,2023-03-16,304.87,309.78,302.18,304.87,10423671,304.87
AAPL,2023-03-17,298.2,299.99,296.3,298.2,3026294,298.2
AAPL,2023-03-18,300.03,305.7,295.45,300.03,726814,300.03
AAPL,2023-03-19,292.02,292.07,291.46,292.02,9004042,292.02
AAPL,2023-03-20,295.56,297.28,294.88,295.56,9381293,295.56
AAPL,2023-03-21,294.51,295.42,291.72,294.51,1461792,294.51
AAPL,2023-03-22,298.84,298.85,292.99,298.84,1661602,298.84
AAPL,2023-03-23,303.69,304.86,303.42,303.69,2114857,303.69
AAPL,2023-03-24,307.64,309.31,307.02,307.64,5003430,307.64
AAPL,2023-03-25,308.17,313.23,307.91,308.17,2499120,308.17
AAPL,2023-03-26,320.47,322.5,319.83,320.47,5193041,320.47
AAPL,2023-03-27,314.24,316.15,313.18,314.24,4820665,314.24
AAPL,2023-03-28,311.82,313.38,308.49,311.82,3352178,311.82
AAPL,2023-03-29,313.16,314.51,310.98,313.16,4736342,313.16
AAPL,2023-03-30,306.96,307.63,306.04,306.96,2523829,306.96
AAPL,2023-03-31,297.68,301.97,297.02,297.68,5836555,297.68
AAPL,2023-04-01,300.0,301.81,299.16,300.0,6840982,300.0
AAPL,2023-04-02,302.31,304.25,300.76,302.31,4395316,302.31
AAPL,2023-04-03,312.73,317.04,312.44,312.73,2152885,312.73
AAPL,2023-04-04,322.79,324.57,322.23,322.79,447279,322.79
AAPL,2023-04-05,318.24,320.86,317.77,318.24,6067870,318.24
AAPL,2023-04-06,323.47,328.32,320.45,323.47,890494,323.47
AAPL,2023-04-07,330.45,336.18,324.89,330.45,972024,330.45
AAPL,2023-04-08,329.52,332.69,325.7,329.52,582500,329.52
AAPL,2023-04-09,331.92,334.16,326.5,331.92,11178696,331.92
AAPL,2023-04-10,333.34,335.08,330.13,333.34,3892515,333.34
AAPL,2023-04-11,337.11,338.21,331.99,337.11,5266370,337.11
AAPL,2023-04-12,342.13,343.3,338.57,342.13,1394550,342.13
AAPL,2023-04-13,351.3,351.77,349.56,351.3,2377479,351.3
AAPL,2023-04-14,358.67,359.53,356.36,358.67,9575030,358.67
AAPL,2023-04-15,355.26,355.71,354.46,355.26,9038989,355.26
AAPL,2023-04-16,352.9,353.07,344.8,352.9,11817786,352.9
AAPL,2023-04-17,345.94,349.06,343.56,345.94,1087469,345.94
AAPL,2023-04-18,345.53,348.8,337.26,345.53,2825026,345.53
AAPL,2023-04-19,342.38,346.15,342.34,342.38,392145,342.38
AAPL,2023-04-20,343.0,343.06,340.67,343.0,657908,343.0
AAPL,2023-04-21,358.02,364.31,355.25,358.02,14072581,358.02
AAPL,2023-04-22,364.52,366.12,362.3,364.52,1921805,364.52
AAPL,2023-04-23,385.49,390.73,384.7,385.49,2909749,385.49
AAPL,2023-04-24,392.41,395.56,388.65,392.41,4401863,392.41
AAPL,2023-04-25,388.46,389.05,388.28,388.46,9044292,388.46
AAPL,2023-04-26,386.77,387.22,379.5,386.77,4518329,386.77
AAPL,2023-04-27,381.13,386.91,376.83,381.13,3135284,381.13
AAPL,2023-04-28,365.68,368.54,365.66,365.68,3384609,365.68
AAPL,2023-04-29,362.39,374.59,360.39,362.39,9540279,362.39
AAPL,2023-04-30,372.92,375.18,365.89,372.92,648870,372.92
AAPL,2023-05-01,367.25,370.52,364.55,367.25,3237723,367.25
AAPL,2023-05-02,359.4,363.43,356.79,359.4,1111986,359.4
AAPL,2023-05-03,360.7,361.03,356.51,360.7,2292416,360.7
AAPL,2023-05-04,341.94,343.1,339.49,341.94,1313478,341.94
AAPL,2023-05-05,336.91,337.78,336.55,336.91,7082364,336.91
AAPL,2023-05-06,332.01,334.2,331.28,332.01,1125657,332.01
AAPL,2023-05-07,330.73,334.2,329.35,330.73,1282977,330.73
AAPL,2023-05-08,332.74,337.58,331.31,332.74,3897656,332.74
AAPL,2023-05-09,323.99,328.49,320.38,323.99,2795872,323.99
AAPL,2023-05-10,321.83,324.45,316.07,321.83,7159599,321.83
AAPL,2023-05-11,317.27,320.76,313.02,317.27,3200402,317.27
AAPL,2023-05-12,315.4,318.53,313.17,315.4,2132753,315.4
AAPL,2023-05-13,312.76,312.8,310.2,312.76,15073115,312.76
AAPL,2023-05-14,319.13,319.37,316.41,319.13,1472896,319.13
AAPL,2023-05-15,314.08,317.94,313.07,314.08,1719531,314.08
AAPL,2023-05-16,310.0,312.52,306.89,310.0,1530990,310.0
AAPL,2023-05-17,318.18,319.09,314.22,318.18,5226580,318.18
AAPL,2023-05-18,324.14,326.92,323.94,324.14,4494939,324.14
AAPL,2023-05-19,325.09,326.57,322.22,325.09,2543071,325.09
AAPL,2023-05-20,321.47,327.15,315.83,321.47,4056795,321.47
AAPL,2023-05-21,321.3,324.15,317.67,321.3,2558409,321.3
AAPL,2023-05-22,327.72,329.56,327.22,327.72,2734652,327.72
AAPL,2023-05-23,338.39,342.72,338.19,338.39,1629795,338.39
AAPL,2023-05-24,336.71,337.86,336.47,336.71,12571180,336.71
AAPL,2023-05-25,349.85,352.15,346.43,349.85,2745223,349.85
AAPL,2023-05-26,352.03,353.46,351.05,352.03,3044476,352.03
AAPL,2023-05-27,357.82,359.71,355.63,357.82,5914007,357.82
AAPL,2023-05-28,370.51,376.12,368.89,370.51,1956455,370.51
AAPL,2023-05-29,371.48,378.25,366.42,371.48,3425615,371.48
AAPL,2023-05-30,374.06,374.74,372.13,374.06,6574141,374.06
AAPL,2023-05-31,374.48,382.28,374.07,374.48,2476675,374.48
AAPL,2023-06-01,380.07,390.34,378.63,380.07,27229147,380.07
AAPL,2023-06-02,375.23,377.57,374.31,375.23,5001218,375.23
AAPL,2023-06-03,370.8,376.78,370.71,370.8,1042368,370.8
AAPL,2023-06-04,379.45,381.89,376.56,379.45,5156620,379.45
AAPL,2023-06-05,375.66,375.86,375.51,375.66,2336978,375.66
AAPL,2023-06-06,382.28,386.56,380.23,382.28,4432742,382.28
AAPL,2023-06-07,371.93,374.88,367.86,371.93,2266105,371.93
AAPL,2023-06-08,372.66,376.12,369.05,372.66,9414697,372.66
AAPL,2023-06-09,382.23,392.62,374.78,382.23,3859523,382.23
AAPL,2023-06-10,382.97,383.36,377.91,382.97,4684445,382.97
AAPL,2023-06-11,395.7,396.31,391.29,395.7,711188,395.7
AAPL,2023-06-12,393.77,396.7,391.01,393.77,12870117,393.77
AAPL,2023-06-13,397.87,398.2,397.34,397.87,3509849,397.87
AAPL,2023-06-14,389.03,391.38,384.83,389.03,9980750,389.03
AAPL,2023-06-15,386.6,389.81,380.9,386.6,7450260,386.6
AAPL,2023-06-16,397.52,402.61,397.07,397.52,4569371,397.52
AAPL,2023-06-17,400.97,402.33,398.9,400.97,4211219,400.97
AAPL,2023-06-18,404.19,406.73,400.86,404.19,10977691,404.19
AAPL,2023-06-19,405.47,414.68,400.53,405.47,1799207,405.47
AAPL,2023-06-20,406.42,407.94,400.39,406.42,2449017,406.42
AAPL,2023-06-21,417.53,422.08,416.32,417.53,6688055,417.53
AAPL,2023-06-22,425.03,428.41,420.16,425.03,16871734,425.03
AAPL,2023-06-23,421.51,421.97,420.03,421.51,4113402,421.51
AAPL,2023-06-24,414.64,415.58,413.89,414.64,11124372,414.64
AAPL,2023-06-25,424.21,429.11,420.53,424.21,20721354,424.21
AAPL,2023-06-26,422.18,422.84,421.34,422.18,3075165,422.18
AAPL,2023-06-27,410.47,411.56,408.44,410.47,2527125,410.47
AAPL,2023-06-28,396.46,396.54,391.32,396.46,5011827,396.46
AAPL,2023-06-29,397.8,398.66,393.58,397.8,11542930,397.8
AAPL,2023-06-30,399.55,403.2,397.23,399.55,3604650,399.55
AAPL,2023-07-01,414.63,416.92,409.46,414.63,4365951,414.63
AAPL,2023-07-02,423.44,433.27,408.96,423.44,692422,423.44
AAPL,2023-07-03,422.72,427.97,421.67,422.72,38928755,422.72
AAPL,2023-07-04,416.21,416.3,413.79,416.21,1198647,416.21
AAPL,2023-07-05,431.55,438.19,431.19,431.55,3569596,431.55
AAPL,2023-07-06,431.69,433.06,424.72,431.69,395584,431.69
AAPL,2023-07-07,435.89,437.99,434.64,435.89,1424250,435.89
AAPL,2023-07-08,446.84,452.0,442.97,446.84,986695,446.84
AAPL,2023-07-09,434.85,435.83,434.65,434.85,2278190,434.85
AAPL,2023-07-10,453.39,455.48,452.54,453.39,2691729,453.39
AAPL,2023-07-11,471.64,481.02,470.18,471.64,6042059,471.64
AAPL,2023-07-12,470.01,476.15,469.18,470.01,646078,470.01
AAPL,2023-07-13,476.78,478.76,474.01,476.78,9305872,476.78
AAPL,2023-07-14,467.7,474.91,463.44,467.7,25317354,467.7
AAPL,2023-07-15,458.77,460.45,454.91,458.77,1277288,458.77
AAPL,2023-07-16,450.62,451.43,449.61,450.62,12579978,450.62
AAPL,2023-07-17,444.14,445.82,431.53,444.14,544364,444.14
AAPL,2023-07-18,426.84,432.74,422.14,426.84,2108980,426.84
AAPL,2023-07-19,423.52,427.61,419.63,423.52,832714,423.52
AAPL,2023-07-20,419.02,422.9,407.82,419.02,2026379,419.02
AAPL,2023-07-21,418.94,422.19,417.82,418.94,2564755,418.94
AAPL,2023-07-22,418.25,422.66,413.6,418.25,3426145,418.25
AAPL,2023-07-23,406.32,407.19,399.67,406.32,3144534,406.32
AAPL,2023-07-24,391.88,392.59,388.67,391.88,1475758,391.88
AAPL,2023-07-25,389.93,393.35,388.13,389.93,1680250,389.93
AAPL,2023-07-26,393.72,400.25,393.49,393.72,699595,393.72
AAPL,2023-07-27,414.03,416.44,410.77,414.03,3067194,414.03
AAPL,2023-07-28,416.37,417.79,412.61,416.37,2028073,416.37
AAPL,2023-07-29,420.86,424.94,415.62,420.86,9174538,420.86
AAPL,2023-07-30,412.67,419.16,409.93,412.67,4437462,412.67
AAPL,2023-07-31,416.55,417.21,414.61,416.55,2261400,416.55
AAPL,2023-08-01,427.7,428.05,426.5,427.7,3471654,427.7
AAPL,2023-08-02,422.41,431.48,419.17,422.41,6342462,422.41
AAPL,2023-08-03,422.74,427.35,415.04,422.74,2324110,422.74
AAPL,2023-08-04,425.26,428.25,419.52,425.26,5895105,425.26
AAPL,2023-08-05,412.92,413.87,411.97,412.92,1066866,412.92
AAPL,2023-08-06,402.63,405.73,400.1,402.63,708046,402.63
AAPL,2023-08-07,393.97,394.27,386.13,393.97,8954332,393.97
AAPL,2023-08-08,395.63,400.09,391.06,395.63,2409717,395.63
AAPL,2023-08-09,398.07,401.96,393.63,398.07,10059948,398.07
AAPL,2023-08-10,390.29,394.87,383.04,390.29,14554746,390.29
AAPL,2023-08-11,382.21,387.32,380.43,382.21,14286619,382.21
AAPL,2023-08-12,384.32,385.22,383.97,384.32,9070085,384.32
AAPL,2023-08-13,382.23,384.07,381.73,382.23,1344673,382.23
AAPL,2023-08-14,375.22,377.19,365.07,375.22,5279081,375.22
AAPL,2023-08-15,374.32,377.86,372.06,374.32,3418187,374.32
AAPL,2023-08-16,366.7,370.42,364.33,366.7,7791891,366.7
AAPL,2023-08-17,380.04,381.29,377.8,380.04,2012676,380.04
AAPL,2023-08-18,377.08,381.0,375.35,377.08,3129278,377.08
AAPL,2023-08-19,387.6,389.8,385.44,387.6,8044144,387.6
AAPL,2023-08-20,388.48,396.07,382.01,388.48,4252838,388.48
AAPL,2023-08-21,382.62,385.52,381.81,382.62,1099063,382.62
AAPL,2023-08-22,385.06,391.56,384.82,385.06,3207659,385.06
AAPL,2023-08-23,392.02,394.08,387.52,392.02,2073535,392.02
AAPL,2023-08-24,407.26,408.59,403.16,407.26,2698358,407.26
AAPL,2023-08-25,393.15,400.45,389.29,393.15,3254432,393.15
AAPL,2023-08-26,397.62,402.23,396.27,397.62,6804549,397.62
AAPL,2023-08-27,400.07,405.21,392.97,400.07,3991073,400.07
AAPL,2023-08-28,401.73,403.01,401.3,401.73,2190673,401.73
AAPL,2023-08-29,410.55,412.19,408.68,410.55,8027392,410.55
AAPL,2023-08-30,418.97,428.74,413.86,418.97,7474648,418.97
AAPL,2023-08-31,427.53,428.16,425.12,427.53,6014248,427.53
AAPL,2023-09-01,423.32,423.53,419.29,423.32,3209066,423.32
AAPL,2023-09-02,428.92,432.77,425.27,428.92,18451390,428.92
AAPL,2023-09-03,424.36,431.33,422.35,424.36,7527308,424.36
AAPL,2023-09-04,430.7,433.49,427.96,430.7,7255611,430.7
AAPL,2023-09-05,418.74,427.51,417.14,418.74,10427641,418.74
AAPL,2023-09-06,424.87,425.02,422.57,424.87,1574837,424.87
AAPL,2023-09-07,431.91,435.05,429.5,431.91,2905842,431.91
AAPL,2023-09-08,435.92,437.76,432.95,435.92,2477288,435.92
AAPL,2023-09-09,434.32,440.68,428.39,434.32,3162802,434.32
GOOGL,2023-01-01,225.82,226.38,223.5,225.82,599104,225.82
GOOGL,2023-01-02,230.58,232.67,229.09,230.58,5832458,230.58
GOOGL,2023-01-03,229.86,229.93,228.95,229.86,4254710,229.86
GOOGL,2023-01-04,231.26,233.4,228.12,231.26,8960657,231.26
GOOGL,2023-01-05,232.44,234.46,230.88,232.44,1433402,232.44
GOOGL,2023-01-06,227.96,228.38,227.43,227.96,1897741,227.96
GOOGL,2023-01-07,235.33,236.84,234.74,235.33,1351812,235.33
GOOGL,2023-01-08,232.39,232.59,230.46,232.39,3574784,232.39
GOOGL,2023-01-09,234.67,237.24,232.14,234.67,3866430,234.67
GOOGL,2023-01-10,234.62,238.95,231.97,234.62,5256349,234.62
GOOGL,2023-01-11,228.5,228.67,223.65,228.5,2949209,228.5
GOOGL,2023-01-12,219.35,220.67,218.39,219.35,3696975,219.35
GOOGL,2023-01-13,218.46,221.16,215.8,218.46,650756,218.46
GOOGL,2023-01-14,219.58,219.94,218.11,219.58,1982478,219.58
GOOGL,2023-01-15,212.18,212.85,212.16,212.18,1019936,212.18
GOOGL,2023-01-16,207.86,208.79,207.65,207.86,10148834,207.86
GOOGL,2023-01-17,215.22,218.46,214.32,215.22,3699227,215.22
GOOGL,2023-01-18,217.0,219.21,215.42,217.0,10205426,217.0
GOOGL,2023-01-19,217.49,218.85,213.24,217.49,3810706,217.49
GOOGL,2023-01-20,216.65,218.97,216.31,216.65,8926099,216.65
GOOGL,2023-01-21,214.7,214.99,214.16,214.7,5241796,214.7
GOOGL,2023-01-22,213.8,214.64,212.71,213.8,1081007,213.8
GOOGL,2023-01-23,210.72,212.4,207.47,210.72,8823636,210.72
GOOGL,2023-01-24,212.44,212.75,209.67,212.44,6701536,212.44
GOOGL,2023-01-25,209.3,211.76,207.27,209.3,1068833,209.3
GOOGL,2023-01-26,213.29,214.29,211.16,213.29,2331571,213.29
GOOGL,2023-01-27,211.23,212.14,209.18,211.23,743886,211.23
GOOGL,2023-01-28,200.88,203.0,195.6,200.88,5273795,200.88
GOOGL,2023-01-29,208.57,209.24,207.6,208.57,18192876,208.57
GOOGL,2023-01-30,210.35,212.36,209.02,210.35,11420089,210.35
GOOGL,2023-01-31,204.55,205.5,201.77,204.55,10818360,204.55
GOOGL,2023-02-01,205.7,207.0,205.25,205.7,550398,205.7
GOOGL,2023-02-02,204.09,205.99,200.02,204.09,4335251,204.09
GOOGL,2023-02-03,201.49,202.57,199.8,201.49,3733115,201.49
GOOGL,2023-02-04,201.98,202.41,201.89,201.98,4402930,201.98
GOOGL,2023-02-05,209.57,213.83,209.07,209.57,1286770,209.57
GOOGL,2023-02-06,214.73,215.03,213.52,214.73,13623499,214.73
GOOGL,2023-02-07,210.3,211.41,207.51,210.3,1065481,210.3
GOOGL,2023-02-08,208.43,211.77,205.59,208.43,1828037,208.43
GOOGL,2023-02-09,210.1,211.52,208.42,210.1,486990,210.1
GOOGL,2023-02-10,209.39,209.89,209.26,209.39,3094129,209.39
GOOGL,2023-02-11,207.51,208.63,206.89,207.51,1434235,207.51
GOOGL,2023-02-12,207.32,208.49,206.71,207.32,9905257,207.32
GOOGL,2023-02-13,212.3,215.03,211.59,212.3,2545793,212.3
GOOGL,2023-02-14,207.12,207.83,206.49,207.12,1763572,207.12
GOOGL,2023-02-15,204.75,208.23,202.01,204.75,3417922,204.75
GOOGL,2023-02-16,205.29,206.29,204.76,205.29,3307338,205.29
GOOGL,2023-02-17,210.63,210.74,209.3,210.63,993562,210.63
GOOGL,2023-02-18,214.2,217.85,212.41,214.2,4968255,214.2
GOOGL,2023-02-19,206.25,207.52,205.98,206.25,2228105,206.25
GOOGL,2023-02-20,202.4,203.6,200.75,202.4,20406772,202.4
GOOGL,2023-02-21,203.17,207.21,202.02,203.17,2199226,203.17
GOOGL,2023-02-22,198.92,200.51,197.41,198.92,797432,198.92
GOOGL,2023-02-23,198.87,202.51,196.68,198.87,19724005,198.87
GOOGL,2023-02-24,199.9,200.08,199.25,199.9,1459866,199.9
GOOGL,2023-02-25,201.26,202.31,196.38,201.26,41576195,201.26
GOOGL,2023-02-26,194.17,195.19,189.21,194.17,2500723,194.17
GOOGL,2023-02-27,192.58,193.56,191.99,192.58,2561716,192.58
GOOGL,2023-02-28,194.84,197.25,194.69,194.84,1738127,194.84
GOOGL,2023-03-01,193.59,194.12,192.62,193.59,2942688,193.59
GOOGL,2023-03-02,189.32,191.39,187.94,189.32,3612763,189.32
GOOGL,2023-03-03,188.59,188.79,186.56,188.59,6309743,188.59
GOOGL,2023-03-04,192.89,193.55,191.96,192.89,10731286,192.89
GOOGL,2023-03-05,189.51,191.39,188.99,189.51,950799,189.51
GOOGL,2023-03-06,182.82,184.97,180.35,182.82,1004479,182.82
GOOGL,2023-03-07,177.77,178.93,175.54,177.77,2167882,177.77
GOOGL,2023-03-08,178.28,178.86,177.97,178.28,14564114,178.28
GOOGL,2023-03-09,175.89,176.07,175.48,175.89,3112710,175.89
GOOGL,2023-03-10,171.78,174.31,169.21,171.78,6758116,171.78
GOOGL,2023-03-11,169.13,169.93,168.99,169.13,1233224,169.13
GOOGL,2023-03-12,166.09,166.31,165.96,166.09,5346925,166.09
GOOGL,2023-03-13,164.74,166.13,164.55,164.74,13523224,164.74
GOOGL,2023-03-14,158.72,159.99,157.78,158.72,4059156,158.72
GOOGL,2023-03-15,160.8,161.49,158.2,160.8,17391510,160.8
GOOGL,2023-03-16,164.44,164.48,163.06,164.44,2001549,164.44
GOOGL,2023-03-17,165.36,165.78,165.34,165.36,16356520,165.36
GOOGL,2023-03-18,168.58,170.55,168.45,168.58,1942791,168.58
GOOGL,2023-03-19,169.75,169.86,164.72,169.75,5021612,169.75
GOOGL,2023-03-20,169.47,172.59,169.12,169.47,715885,169.47
GOOGL,2023-03-21,169.22,170.25,168.4,169.22,8932212,169.22
GOOGL,2023-03-22,169.9,170.05,167.52,169.9,15073100,169.9
GOOGL,2023-03-23,169.04,170.69,164.59,169.04,17541598,169.04
GOOGL,2023-03-24,167.69,170.85,166.49,167.69,15857221,167.69
GOOGL,2023-03-25,168.45,170.73,167.13,168.45,2650190,168.45
GOOGL,2023-03-26,166.43,167.39,164.26,166.43,5647007,166.43
GOOGL,2023-03-27,161.65,162.25,161.48,161.65,2147021,161.65
GOOGL,2023-03-28,160.63,162.02,159.56,160.63,4367596,160.63
GOOGL,2023-03-29,159.9,160.77,158.64,159.9,6632514,159.9
GOOGL,2023-03-30,164.26,164.27,163.4,164.26,5720935,164.26
GOOGL,2023-03-31,162.77,163.69,159.08,162.77,227165,162.77
GOOGL,2023-04-01,161.86,162.89,161.73,161.86,6892012,161.86
GOOGL,2023-04-02,158.14,159.53,155.56,158.14,1629183,158.14
GOOGL,2023-04-03,160.73,160.77,160.02,160.73,16631541,160.73
GOOGL,2023-04-04,161.95,163.18,159.9,161.95,6808216,161.95
GOOGL,2023-04-05,167.32,168.87,166.78,167.32,6492294,167.32
GOOGL,2023-04-06,168.99,171.29,168.71,168.99,2343879,168.99
GOOGL,2023-04-07,165.88,168.13,165.87,165.88,8736748,165.88
GOOGL,2023-04-08,162.16,163.11,160.43,162.16,2565980,162.16
GOOGL,2023-04-09,160.71,162.8,159.31,160.71,2078935,160.71
GOOGL,2023-04-10,157.73,158.94,157.48,157.73,4315778,157.73
GOOGL,2023-04-11,161.33,162.56,161.29,161.33,2152850,161.33
GOOGL,2023-04-12,159.91,160.42,159.6,159.91,4199165,159.91
GOOGL,2023-04-13,159.02,160.97,156.31,159.02,9378717,159.02
GOOGL,2023-04-14,158.01,158.3,157.99,158.01,6620239,158.01
GOOGL,2023-04-15,155.38,156.4,154.6,155.38,598284,155.38
GOOGL,2023-04-16,155.43,156.67,153.86,155.43,635098,155.43
GOOGL,2023-04-17,157.99,158.24,156.92,157.99,2773004,157.99
GOOGL,2023-04-18,154.69,155.52,154.38,154.69,3484901,154.69
GOOGL,2023-04-19,156.06,158.88,155.44,156.06,582161,156.06
GOOGL,2023-04-20,157.56,157.9,155.84,157.56,1665318,157.56
GOOGL,2023-04-21,160.18,162.05,160.01,160.18,425916,160.18
GOOGL,2023-04-22,163.17,165.99,162.03,163.17,3695515,163.17
GOOGL,2023-04-23,164.78,167.34,163.55,164.78,1452780,164.78
GOOGL,2023-04-24,172.88,174.69,172.5,172.88,7124433,172.88
GOOGL,2023-04-25,173.78,174.81,171.95,173.78,12908239,173.78
GOOGL,2023-04-26,171.29,172.51,170.28,171.29,4619332,171.29
GOOGL,2023-04-27,171.54,172.98,169.55,171.54,20673299,171.54
GOOGL,2023-04-28,169.99,170.14,166.83,169.99,1608093,169.99
GOOGL,2023-04-29,173.64,174.01,172.18,173.64,2227211,173.64
GOOGL,2023-04-30,175.78,177.56,175.38,175.78,661361,175.78
GOOGL,2023-05-01,178.19,178.44,176.23,178.19,4622256,178.19
GOOGL,2023-05-02,182.41,182.42,180.72,182.41,5190787,182.41
GOOGL,2023-05-03,184.33,184.89,182.82,184.33,8155302,184.33
GOOGL,2023-05-04,187.43,188.02,185.59,187.43,4810514,187.43
GOOGL,2023-05-05,183.97,184.68,183.0,183.97,447800,183.97
GOOGL,2023-05-06,187.85,193.68,185.58,187.85,3847212,187.85
GOOGL,2023-05-07,186.1,187.82,185.82,186.1,8608894,186.1
GOOGL,2023-05-08,183.78,188.49,181.23,183.78,4091810,183.78
GOOGL,2023-05-09,184.22,184.23,183.17,184.22,3550029,184.22
GOOGL,2023-05-10,182.75,185.1,179.78,182.75,2216537,182.75
GOOGL,2023-05-11,176.92,177.48,176.42,176.92,3631703,176.92
GOOGL,2023-05-12,178.98,181.45,177.49,178.98,5561816,178.98
GOOGL,2023-05-13,181.86,182.31,180.14,181.86,13942557,181.86
GOOGL,2023-05-14,182.41,184.14,180.35,182.41,1305635,182.41
GOOGL,2023-05-15,178.1,179.29,177.78,178.1,7102836,178.1
GOOGL,2023-05-16,182.44,184.1,181.28,182.44,4358023,182.44
GOOGL,2023-05-17,181.93,182.15,180.86,181.93,1250038,181.93
GOOGL,2023-05-18,181.91,183.26,179.78,181.91,6696243,181.91
GOOGL,2023-05-19,189.87,191.31,188.64,189.87,3462498,189.87
GOOGL,2023-05-20,187.31,188.31,187.21,187.31,2005631,187.31
GOOGL,2023-05-21,191.57,195.11,190.53,191.57,1883924,191.57
GOOGL,2023-05-22,194.89,196.95,190.45,194.89,2645518,194.89
GOOGL,2023-05-23,195.31,199.92,194.87,195.31,1927910,195.31
GOOGL,2023-05-24,190.8,192.04,189.23,190.8,1847128,190.8
GOOGL,2023-05-25,191.69,193.57,191.54,191.69,9847794,191.69
GOOGL,2023-05-26,187.88,188.16,183.92,187.88,666259,187.88
GOOGL,2023-05-27,181.94,184.27,181.54,181.94,1791385,181.94
GOOGL,2023-05-28,178.01,178.08,177.78,178.01,3754731,178.01
GOOGL,2023-05-29,174.14,174.72,173.15,174.14,6239707,174.14
GOOGL,2023-05-30,170.55,170.68,166.05,170.55,1036406,170.55
GOOGL,2023-05-31,168.17,168.33,163.22,168.17,784790,168.17
GOOGL,2023-06-01,169.38,169.68,167.6,169.38,2576326,169.38
GOOGL,2023-06-02,168.45,169.63,167.87,168.45,973265,168.45
GOOGL,2023-06-03,168.12,169.75,166.08,168.12,1724663,168.12
GOOGL,2023-06-04,169.8,170.04,168.67,169.8,1298556,169.8
GOOGL,2023-06-05,169.93,172.82,167.55,169.93,913796,169.93
GOOGL,2023-06-06,166.67,169.5,165.92,166.67,2701370,166.67
GOOGL,2023-06-07,165.83,166.21,165.43,165.83,1918086,165.83
GOOGL,2023-06-08,165.45,166.39,165.17,165.45,1563492,165.45
GOOGL,2023-06-09,161.42,163.81,161.31,161.42,17841801,161.42
GOOGL,2023-06-10,155.35,157.6,154.62,155.35,3051877,155.35
GOOGL,2023-06-11,151.91,153.63,150.58,151.91,10837801,151.91
GOOGL,2023-06-12,151.84,153.47,150.83,151.84,12892457,151.84
GOOGL,2023-06-13,151.09,152.56,148.98,151.09,3016406,151.09
GOOGL,2023-06-14,150.57,151.18,150.04,150.57,14737856,150.57
GOOGL,2023-06-15,147.02,147.35,146.77,147.02,538107,147.02
GOOGL,2023-06-16,144.56,145.55,143.46,144.56,8359848,144.56
GOOGL,2023-06-17,139.28,140.17,138.57,139.28,5829178,139.28
GOOGL,2023-06-18,139.85,141.18,138.21,139.85,638026,139.85
GOOGL,2023-06-19,139.85,140.21,139.05,139.85,2075042,139.85
GOOGL,2023-06-20,140.51,142.34,139.57,140.51,2260005,140.51
GOOGL,2023-06-21,143.11,144.0,142.15,143.11,1270011,143.11
GOOGL,2023-06-22,141.5,142.63,140.88,141.5,9314727,141.5
GOOGL,2023-06-23,142.74,142.85,142.04,142.74,3152102,142.74
GOOGL,2023-06-24,142.96,143.4,141.76,142.96,251216,142.96
GOOGL,2023-06-25,137.01,138.41,136.74,137.01,8180254,137.01
GOOGL,2023-06-26,135.48,137.74,135.29,135.48,5123721,135.48
GOOGL,2023-06-27,134.4,135.61,132.06,134.4,7172064,134.4
GOOGL,2023-06-28,135.6,135.72,134.05,135.6,13463138,135.6
GOOGL,2023-06-29,136.02,136.98,136.02,136.02,1099733,136.02
GOOGL,2023-06-30,138.86,139.48,138.6,138.86,5043801,138.86
GOOGL,2023-07-01,141.27,142.2,138.85,141.27,736598,141.27
GOOGL,2023-07-02,143.48,144.48,141.97,143.48,4742638,143.48
GOOGL,2023-07-03,140.52,141.2,139.33,140.52,719173,140.52
GOOGL,2023-07-04,136.82,139.02,135.64,136.82,3550912,136.82
GOOGL,2023-07-05,135.26,137.3,134.65,135.26,3208076,135.26
GOOGL,2023-07-06,138.83,140.67,137.62,138.83,2581139,138.83
GOOGL,2023-07-07,137.7,138.54,137.13,137.7,3921181,137.7
GOOGL,2023-07-08,137.56,137.99,136.87,137.56,8258572,137.56
GOOGL,2023-07-09,132.08,132.92,129.58,132.08,1538859,132.08
GOOGL,2023-07-10,133.59,136.28,133.37,133.59,829562,133.59
GOOGL,2023-07-11,131.13,132.47,129.37,131.13,579771,131.13
GOOGL,2023-07-12,136.7,136.95,135.01,136.7,1863330,136.7
GOOGL,2023-07-13,136.93,137.45,135.2,136.93,1330104,136.93
GOOGL,2023-07-14,140.32,142.29,137.52,140.32,2217841,140.32
GOOGL,2023-07-15,135.04,136.27,133.35,135.04,942990,135.04
GOOGL,2023-07-16,135.36,135.71,134.27,135.36,2974593,135.36
GOOGL,2023-07-17,133.18,133.71,131.21,133.18,3856384,133.18
GOOGL,2023-07-18,133.95,137.08,131.6,133.95,46537102,133.95
GOOGL,2023-07-19,136.12,138.6,134.88,136.12,1272456,136.12
GOOGL,2023-07-20,138.04,138.96,137.92,138.04,1009852,138.04
GOOGL,2023-07-21,136.31,137.53,135.71,136.31,9104052,136.31
GOOGL,2023-07-22,132.63,135.11,131.17,132.63,9135448,132.63
GOOGL,2023-07-23,133.33,133.89,132.17,133.33,3919693,133.33
GOOGL,2023-07-24,134.89,135.99,134.76,134.89,2313807,134.89
GOOGL,2023-07-25,136.06,139.14,134.9,136.06,2124952,136.06
GOOGL,2023-07-26,131.41,131.98,130.72,131.41,805861,131.41
GOOGL,2023-07-27,131.38,133.34,130.91,131.38,2519285,131.38
GOOGL,2023-07-28,135.33,135.34,133.7,135.33,6510971,135.33
GOOGL,2023-07-29,138.51,138.79,138.33,138.51,880999,138.51
GOOGL,2023-07-30,136.24,136.69,136.13,136.24,1758993,136.24
GOOGL,2023-07-31,135.37,135.53,134.01,135.37,2498494,135.37
GOOGL,2023-08-01,138.63,139.46,137.38,138.63,26301182,138.63
GOOGL,2023-08-02,139.39,140.47,138.5,139.39,4223215,139.39
GOOGL,2023-08-03,137.94,138.01,137.54,137.94,8798423,137.94
GOOGL,2023-08-04,139.96,142.96,137.3,139.96,2450207,139.96
GOOGL,2023-08-05,144.92,145.96,144.56,144.92,2975246,144.92
GOOGL,2023-08-06,153.06,153.48,152.04,153.06,1827923,153.06
GOOGL,2023-08-07,153.22,153.22,151.68,153.22,6977833,153.22
GOOGL,2023-08-08,155.7,156.06,154.65,155.7,7140523,155.7
GOOGL,2023-08-09,155.61,156.04,154.4,155.61,4037617,155.61
GOOGL,2023-08-10,156.72,158.92,156.38,156.72,1780256,156.72
GOOGL,2023-08-11,152.66,152.83,152.15,152.66,7336070,152.66
GOOGL,2023-08-12,157.63,159.25,156.23,157.63,3190987,157.63
GOOGL,2023-08-13,155.26,155.61,154.43,155.26,1193286,155.26
GOOGL,2023-08-14,157.98,158.1,155.09,157.98,4680926,157.98
GOOGL,2023-08-15,162.21,163.4,161.01,162.21,30125140,162.21
GOOGL,2023-08-16,160.4,161.92,158.52,160.4,22203279,160.4
GOOGL,2023-08-17,159.68,160.32,159.44,159.68,1585785,159.68
GOOGL,2023-08-18,158.89,160.24,156.94,158.89,6415119,158.89
GOOGL,2023-08-19,163.61,164.09,161.43,163.61,829506,163.61
GOOGL,2023-08-20,157.78,158.17,156.86,157.78,7871545,157.78
GOOGL,2023-08-21,156.96,157.19,156.83,156.96,3659671,156.96
GOOGL,2023-08-22,155.42,157.54,155.07,155.42,13936776,155.42
GOOGL,2023-08-23,153.68,154.62,153.44,153.68,1007414,153.68
GOOGL,2023-08-24,156.92,158.61,156.46,156.92,41404841,156.92
GOOGL,2023-08-25,153.49,155.75,153.3,153.49,4249526,153.49
GOOGL,2023-08-26,151.16,152.36,150.6,151.16,1037386,151.16
GOOGL,2023-08-27,155.71,156.31,152.81,155.71,2498729,155.71
GOOGL,2023-08-28,158.38,159.41,157.37,158.38,1229992,158.38
GOOGL,2023-08-29,154.21,154.25,153.98,154.21,6642245,154.21
GOOGL,2023-08-30,153.91,154.18,153.48,153.91,3808331,153.91
GOOGL,2023-08-31,153.65,155.09,153.17,153.65,3641848,153.65
GOOGL,2023-09-01,153.67,155.12,153.67,153.67,1712511,153.67
GOOGL,2023-09-02,154.89,155.22,152.31,154.89,925462,154.89
GOOGL,2023-09-03,145.44,145.83,144.51,145.44,3840298,145.44
GOOGL,2023-09-04,141.99,144.7,141.44,141.99,1610498,141.99
GOOGL,2023-09-05,147.5,148.74,145.45,147.5,2751958,147.5
GOOGL,2023-09-06,147.79,148.67,146.74,147.79,4868218,147.79
GOOGL,2023-09-07,146.85,150.11,145.61,146.85,21493509,146.85
GOOGL,2023-09-08,140.45,143.11,137.1,140.45,926425,140.45
GOOGL,2023-09-09,135.67,136.0,135.64,135.67,7238461,135.67
MSFT,2023-01-01,278.34,278.91,275.15,278.34,730703,278.34
MSFT,2023-01-02,265.81,265.88,262.08,265.81,3078870,265.81
MSFT,2023-01-03,263.88,265.47,261.07,263.88,4998527,263.88
MSFT,2023-01-04,268.7,269.25,267.42,268.7,1228655,268.7
MSFT,2023-01-05,266.91,270.49,260.67,266.91,11170577,266.91
MSFT,2023-01-06,276.04,279.39,274.21,276.04,704665,276.04
MSFT,2023-01-07,273.98,275.28,273.18,273.98,349831,273.98
MSFT,2023-01-08,278.34,282.79,277.17,278.34,18695330,278.34
MSFT,2023-01-09,278.9,281.9,277.93,278.9,1191945,278.9
MSFT,2023-01-10,283.24,283.42,279.03,283.24,625519,283.24
MSFT,2023-01-11,285.7,291.81,282.62,285.7,1255480,285.7
MSFT,2023-01-12,288.26,292.04,281.47,288.26,1375501,288.26
MSFT,2023-01-13,285.67,287.97,283.0,285.67,28409937,285.67
MSFT,2023-01-14,281.94,284.38,278.25,281.94,8531484,281.94
MSFT,2023-01-15,292.13,296.37,291.74,292.13,1163783,292.13
MSFT,2023-01-16,292.43,293.34,291.12,292.43,4019024,292.43
MSFT,2023-01-17,292.33,294.4,290.24,292.33,3070040,292.33
MSFT,2023-01-18,295.15,299.05,293.58,295.15,3321385,295.15
MSFT,2023-01-19,289.38,290.76,288.8,289.38,5182870,289.38
MSFT,2023-01-20,283.94,286.12,283.65,283.94,9152135,283.94
MSFT,2023-01-21,281.74,283.66,280.49,281.74,15016360,281.74
MSFT,2023-01-22,281.37,282.93,279.98,281.37,1079145,281.37
MSFT,2023-01-23,278.82,285.34,275.0,278.82,22613278,278.82
MSFT,2023-01-24,278.27,279.49,277.82,278.27,879352,278.27
MSFT,2023-01-25,284.26,287.6,281.3,284.26,4546596,284.26
MSFT,2023-01-26,283.05,286.42,282.82,283.05,3091623,283.05
MSFT,2023-01-27,293.64,297.42,292.92,293.64,3572052,293.64
MSFT,2023-01-28,290.39,296.32,289.42,290.39,6399773,290.39
MSFT,2023-01-29,295.41,296.36,291.75,295.41,9253703,295.41
MSFT,2023-01-30,294.99,297.76,291.33,294.99,7239734,294.99
MSFT,2023-01-31,290.36,290.62,288.98,290.36,4206411,290.36
MSFT,2023-02-01,286.32,287.14,285.31,286.32,722725,286.32
MSFT,2023-02-02,286.72,288.71,285.91,286.72,1386816,286.72
MSFT,2023-02-03,283.09,287.3,280.44,283.09,10699074,283.09
MSFT,2023-02-04,279.86,283.02,278.35,279.86,2308150,279.86
MSFT,2023-02-05,270.25,271.33,269.76,270.25,4945124,270.25
MSFT,2023-02-06,273.44,277.03,272.36,273.44,6869079,273.44
MSFT,2023-02-07,277.71,281.19,274.5,277.71,5018790,277.71
MSFT,2023-02-08,281.07,283.59,278.94,281.07,583083,281.07
MSFT,2023-02-09,276.58,280.09,274.62,276.58,4375398,276.58
MSFT,2023-02-10,282.08,284.94,279.94,282.08,2630204,282.08
MSFT,2023-02-11,277.41,279.25,273.5,277.41,913009,277.41
MSFT,2023-02-12,280.41,281.79,276.29,280.41,5333718,280.41
MSFT,2023-02-13,278.32,279.45,278.3,278.32,10146803,278.32
MSFT,2023-02-14,283.08,286.16,282.3,283.08,7461473,283.08
MSFT,2023-02-15,282.03,288.12,281.47,282.03,740329,282.03
MSFT,2023-02-16,273.04,275.95,266.15,273.04,12791423,273.04
MSFT,2023-02-17,259.05,259.5,257.53,259.05,750937,259.05
MSFT,2023-02-18,261.72,262.21,258.68,261.72,418174,261.72
MSFT,2023-02-19,258.8,258.82,258.49,258.8,9461886,258.8
MSFT,2023-02-20,260.8,261.7,258.67,260.8,556305,260.8
MSFT,2023-02-21,255.37,258.84,253.16,255.37,4363426,255.37
MSFT,2023-02-22,253.11,256.25,250.55,253.11,1202989,253.11
MSFT,2023-02-23,252.88,258.41,250.26,252.88,2581216,252.88
MSFT,2023-02-24,250.81,253.28,245.7,250.81,12778316,250.81
MSFT,2023-02-25,259.66,259.91,258.39,259.66,16218505,259.66
MSFT,2023-02-26,260.36,263.12,257.78,260.36,2363306,260.36
MSFT,2023-02-27,260.5,260.72,260.03,260.5,33923011,260.5
MSFT,2023-02-28,253.71,255.42,252.5,253.71,3144654,253.71
MSFT,2023-03-01,258.74,263.35,256.29,258.74,2860024,258.74
MSFT,2023-03-02,266.64,270.56,263.23,266.64,364620,266.64
MSFT,2023-03-03,261.31,263.94,261.16,261.31,512457,261.31
MSFT,2023-03-04,267.31,272.64,264.55,267.31,7809400,267.31
MSFT,2023-03-05,261.72,265.03,260.85,261.72,1807221,261.72
MSFT,2023-03-06,259.78,260.65,259.15,259.78,2620895,259.78
MSFT,2023-03-07,255.41,257.09,253.95,255.41,17413047,255.41
MSFT,2023-03-08,252.75,254.36,248.92,252.75,2369029,252.75
MSFT,2023-03-09,248.5,251.25,244.97,248.5,5616307,248.5
MSFT,2023-03-10,239.78,243.01,239.57,239.78,2111534,239.78
MSFT,2023-03-11,238.93,240.04,237.81,238.93,2698558,238.93
MSFT,2023-03-12,244.2,245.05,241.15,244.2,1610816,244.2
MSFT,2023-03-13,235.74,237.19,234.04,235.74,1284184,235.74
MSFT,2023-03-14,246.85,252.86,246.79,246.85,1472735,246.85
MSFT,2023-03-15,248.45,250.48,246.08,248.45,3860700,248.45
MSFT,2023-03-16,249.88,254.27,248.33,249.88,1832165,249.88
MSFT,2023-03-17,254.42,255.49,250.34,254.42,8890524,254.42
MSFT,2023-03-18,252.78,257.36,249.11,252.78,2019244,252.78
MSFT,2023-03-19,255.08,257.89,254.53,255.08,1343934,255.08
MSFT,2023-03-20,254.62,254.67,251.3,254.62,11403423,254.62
MSFT,2023-03-21,249.77,250.9,247.64,249.77,1431735,249.77
MSFT,2023-03-22,255.21,255.72,253.58,255.21,5580197,255.21
MSFT,2023-03-23,255.06,255.91,254.54,255.06,1034625,255.06
MSFT,2023-03-24,257.8,259.62,255.04,257.8,7683943,257.8
MSFT,2023-03-25,255.01,257.84,252.21,255.01,2029396,255.01
MSFT,2023-03-26,260.71,261.73,260.53,260.71,5356310,260.71
MSFT,2023-03-27,271.61,274.16,271.45,271.61,3624773,271.61
MSFT,2023-03-28,263.28,265.92,260.92,263.28,4340466,263.28
MSFT,2023-03-29,267.32,272.73,264.43,267.32,19805566,267.32
MSFT,2023-03-30,266.21,268.23,264.22,266.21,2100807,266.21
MSFT,2023-03-31,276.35,276.79,274.9,276.35,3724546,276.35
MSFT,2023-04-01,277.99,278.58,272.49,277.99,5267497,277.99
MSFT,2023-04-02,275.28,280.18,273.15,275.28,2039874,275.28
MSFT,2023-04-03,289.02,291.11,286.18,289.02,3899703,289.02
MSFT,2023-04-04,282.26,282.98,279.99,282.26,21101368,282.26
MSFT,2023-04-05,284.91,286.42,282.21,284.91,9450924,284.91
MSFT,2023-04-06,281.27,281.54,280.02,281.27,26537598,281.27
MSFT,2023-04-07,268.7,270.24,268.48,268.7,3748760,268.7
MSFT,2023-04-08,269.59,269.72,269.16,269.59,4161128,269.59
MSFT,2023-04-09,272.35,277.23,267.5,272.35,4417112,272.35
MSFT,2023-04-10,269.93,271.07,266.38,269.93,8480113,269.93
MSFT,2023-04-11,269.95,271.13,269.05,269.95,1627213,269.95
MSFT,2023-04-12,265.79,266.99,264.5,265.79,3015415,265.79
MSFT,2023-04-13,256.67,259.3,255.99,256.67,3171101,256.67
MSFT,2023-04-14,259.58,259.68,258.63,259.58,2197681,259.58
MSFT,2023-04-15,260.88,261.97,260.02,260.88,1112706,260.88
MSFT,2023-04-16,260.63,262.32,259.88,260.63,14371357,260.63
MSFT,2023-04-17,253.84,256.76,252.65,253.84,9848608,253.84
MSFT,2023-04-18,251.88,255.53,251.43,251.88,13252347,251.88
MSFT,2023-04-19,246.79,249.04,245.34,246.79,1958703,246.79
MSFT,2023-04-20,255.26,256.93,253.43,255.26,1858636,255.26
MSFT,2023-04-21,252.84,252.95,252.07,252.84,4120276,252.84
MSFT,2023-04-22,247.4,249.63,246.69,247.4,1292985,247.4
MSFT,2023-04-23,245.36,247.85,244.89,245.36,4314800,245.36
MSFT,2023-04-24,239.86,240.18,237.47,239.86,538757,239.86
MSFT,2023-04-25,238.24,239.72,237.86,238.24,1180200,238.24
MSFT,2023-04-26,240.37,243.18,238.29,240.37,1524904,240.37
MSFT,2023-04-27,248.03,252.18,244.08,248.03,4339725,248.03
MSFT,2023-04-28,248.8,249.97,248.77,248.8,1127439,248.8
MSFT,2023-04-29,249.51,250.03,246.48,249.51,22016003,249.51
MSFT,2023-04-30,248.42,251.59,247.47,248.42,2859602,248.42
MSFT,2023-05-01,247.79,251.78,247.54,247.79,4989563,247.79
MSFT,2023-05-02,252.96,254.24,250.87,252.96,1956234,252.96
MSFT,2023-05-03,257.93,261.51,255.04,257.93,6247479,257.93
MSFT,2023-05-04,258.03,258.35,257.33,258.03,2540527,258.03
MSFT,2023-05-05,262.87,267.22,259.01,262.87,624977,262.87
MSFT,2023-05-06,258.92,262.4,255.84,258.92,1032878,258.92
MSFT,2023-05-07,254.9,257.73,251.24,254.9,9020911,254.9
MSFT,2023-05-08,260.65,264.95,255.97,260.65,960406,260.65
MSFT,2023-05-09,257.26,257.52,257.0,257.26,3671418,257.26
MSFT,2023-05-10,261.81,266.83,261.44,261.81,4263535,261.81
MSFT,2023-05-11,260.36,260.86,257.7,260.36,3478883,260.36
MSFT,2023-05-12,271.76,274.34,271.03,271.76,5409840,271.76
MSFT,2023-05-13,276.07,280.72,272.83,276.07,5466809,276.07
MSFT,2023-05-14,272.32,273.45,270.74,272.32,7115975,272.32
MSFT,2023-05-15,268.6,270.58,266.45,268.6,974942,268.6
MSFT,2023-05-16,262.41,265.34,260.17,262.41,15214131,262.41
MSFT,2023-05-17,261.21,262.21,260.33,261.21,1600025,261.21
MSFT,2023-05-18,268.73,269.48,268.58,268.73,450374,268.73
MSFT,2023-05-19,261.82,264.77,261.81,261.82,1820157,261.82
MSFT,2023-05-20,259.1,260.52,255.83,259.1,1864062,259.1
MSFT,2023-05-21,265.04,265.46,263.71,265.04,554022,265.04
MSFT,2023-05-22,256.8,258.91,256.1,256.8,4894766,256.8
MSFT,2023-05-23,251.52,252.58,247.31,251.52,1400796,251.52
MSFT,2023-05-24,251.65,252.48,249.86,251.65,5678249,251.65
MSFT,2023-05-25,251.71,252.28,251.5,251.71,26685188,251.71
MSFT,2023-05-26,251.15,253.55,249.78,251.15,2550603,251.15
MSFT,2023-05-27,243.62,245.15,243.43,243.62,2943833,243.62
MSFT,2023-05-28,250.18,252.01,249.81,250.18,5589299,250.18
MSFT,2023-05-29,249.04,251.46,246.33,249.04,715139,249.04
MSFT,2023-05-30,247.86,248.04,247.32,247.86,3754458,247.86
MSFT,2023-05-31,246.08,249.8,245.79,246.08,1156322,246.08
MSFT,2023-06-01,246.68,249.41,245.74,246.68,17329345,246.68
MSFT,2023-06-02,243.34,246.42,240.56,243.34,19134448,243.34
MSFT,2023-06-03,237.52,237.74,236.37,237.52,2519934,237.52
MSFT,2023-06-04,229.44,232.59,226.53,229.44,1155329,229.44
MSFT,2023-06-05,230.07,232.59,226.95,230.07,1489706,230.07
MSFT,2023-06-06,225.19,225.84,223.34,225.19,1189780,225.19
MSFT,2023-06-07,218.22,221.19,213.45,218.22,3556094,218.22
MSFT,2023-06-08,224.93,226.2,224.92,224.93,6269914,224.93
MSFT,2023-06-09,221.77,222.12,221.14,221.77,5064361,221.77
MSFT,2023-06-10,222.27,223.88,221.6,222.27,9966535,222.27
MSFT,2023-06-11,224.93,225.97,219.85,224.93,1054998,224.93
MSFT,2023-06-12,228.35,228.47,227.56,228.35,3922667,228.35
MSFT,2023-06-13,225.37,227.7,225.37,225.37,1495281,225.37
MSFT,2023-06-14,223.93,225.72,221.18,223.93,2698719,223.93
MSFT,2023-06-15,228.88,230.04,225.51,228.88,693291,228.88
MSFT,2023-06-16,237.43,237.48,234.28,237.43,7520759,237.43
MSFT,2023-06-17,239.72,243.03,236.03,239.72,1092395,239.72
MSFT,2023-06-18,243.65,249.86,242.25,243.65,6784063,243.65
MSFT,2023-06-19,240.18,240.62,238.69,240.18,5402339,240.18
MSFT,2023-06-20,244.89,245.34,242.94,244.89,3176386,244.89
MSFT,2023-06-21,251.62,253.79,248.06,251.62,1597350,251.62
MSFT,2023-06-22,251.95,254.96,250.68,251.95,3728382,251.95
MSFT,2023-06-23,255.93,260.37,255.59,255.93,4893805,255.93
MSFT,2023-06-24,251.12,252.46,245.36,251.12,2877046,251.12
MSFT,2023-06-25,258.47,258.82,256.61,258.47,3064374,258.47
MSFT,2023-06-26,259.24,261.56,258.9,259.24,7004265,259.24
MSFT,2023-06-27,259.98,261.92,256.33,259.98,4740642,259.98
MSFT,2023-06-28,247.39,251.75,243.93,247.39,6679957,247.39
MSFT,2023-06-29,240.26,241.39,237.78,240.26,2823581,240.26
MSFT,2023-06-30,240.2,240.59,238.65,240.2,682574,240.2
MSFT,2023-07-01,240.57,241.91,238.94,240.57,3547624,240.57
MSFT,2023-07-02,242.05,243.92,240.96,242.05,4938976,242.05
MSFT,2023-07-03,240.85,240.97,240.79,240.85,5160491,240.85
MSFT,2023-07-04,233.66,237.31,230.12,233.66,2095355,233.66
MSFT,2023-07-05,236.02,241.32,235.8,236.02,10785900,236.02
MSFT,2023-07-06,237.54,242.34,236.31,237.54,4165226,237.54
MSFT,2023-07-07,236.15,236.58,232.86,236.15,3440022,236.15
MSFT,2023-07-08,238.65,240.3,237.53,238.65,1853108,238.65
MSFT,2023-07-09,236.62,238.58,234.8,236.62,5477123,236.62
MSFT,2023-07-10,228.61,229.03,227.43,228.61,845175,228.61
MSFT,2023-07-11,228.49,230.58,225.89,228.49,2661418,228.49
MSFT,2023-07-12,235.45,238.56,234.72,235.45,27860142,235.45
MSFT,2023-07-13,228.27,231.57,227.66,228.27,2880031,228.27
MSFT,2023-07-14,226.39,229.68,225.1,226.39,945324,226.39
MSFT,2023-07-15,223.94,225.17,221.71,223.94,3036825,223.94
MSFT,2023-07-16,213.22,215.14,209.89,213.22,5403092,213.22
MSFT,2023-07-17,208.39,209.65,204.74,208.39,6179673,208.39
MSFT,2023-07-18,203.74,205.43,202.28,203.74,7441254,203.74
MSFT,2023-07-19,202.27,204.21,200.14,202.27,4358454,202.27
MSFT,2023-07-20,206.16,206.93,205.27,206.16,541802,206.16
MSFT,2023-07-21,203.73,206.28,200.95,203.73,2194612,203.73
MSFT,2023-07-22,205.16,205.87,204.28,205.16,6703725,205.16
MSFT,2023-07-23,214.92,215.9,212.68,214.92,4316334,214.92
MSFT,2023-07-24,212.65,213.73,211.65,212.65,2429990,212.65
MSFT,2023-07-25,213.31,214.73,207.99,213.31,3376953,213.31
MSFT,2023-07-26,208.71,209.54,207.7,208.71,21717045,208.71
MSFT,2023-07-27,206.84,206.88,205.56,206.84,5343015,206.84
MSFT,2023-07-28,212.8,214.22,207.82,212.8,5124238,212.8
MSFT,2023-07-29,218.54,219.57,214.23,218.54,2308951,218.54
MSFT,2023-07-30,225.26,227.27,225.11,225.26,14587436,225.26
MSFT,2023-07-31,225.43,228.51,224.58,225.43,2241786,225.43
MSFT,2023-08-01,227.1,227.18,226.09,227.1,4126688,227.1
MSFT,2023-08-02,229.16,234.78,228.01,229.16,6859223,229.16
MSFT,2023-08-03,236.04,238.96,233.64,236.04,4029984,236.04
MSFT,2023-08-04,232.91,235.68,231.95,232.91,2281126,232.91
MSFT,2023-08-05,228.41,230.75,228.14,228.41,767867,228.41
MSFT,2023-08-06,221.95,222.11,218.61,221.95,6804136,221.95
MSFT,2023-08-07,227.6,231.71,224.39,227.6,3304019,227.6
MSFT,2023-08-08,231.63,233.11,228.52,231.63,10177673,231.63
MSFT,2023-08-09,231.49,233.29,230.09,231.49,698201,231.49
MSFT,2023-08-10,235.64,236.74,232.7,235.64,1675843,235.64
MSFT,2023-08-11,239.11,239.6,237.91,239.11,1935055,239.11
MSFT,2023-08-12,246.15,246.42,240.32,246.15,3637979,246.15
MSFT,2023-08-13,249.37,250.11,248.31,249.37,463370,249.37
MSFT,2023-08-14,246.38,247.75,244.76,246.38,6028227,246.38
MSFT,2023-08-15,244.99,248.37,244.43,244.99,11027295,244.99
MSFT,2023-08-16,246.28,246.93,244.6,246.28,846924,246.28
MSFT,2023-08-17,246.17,250.32,245.04,246.17,1763180,246.17
MSFT,2023-08-18,245.57,249.91,243.63,245.57,11009432,245.57
MSFT,2023-08-19,236.09,238.03,234.22,236.09,10181546,236.09
MSFT,2023-08-20,239.44,241.97,234.95,239.44,9922723,239.44
MSFT,2023-08-21,242.83,245.08,242.36,242.83,1337635,242.83
MSFT,2023-08-22,242.61,243.7,239.2,242.61,1277710,242.61
MSFT,2023-08-23,240.57,243.23,238.73,240.57,676317,240.57
MSFT,2023-08-24,241.67,244.63,241.55,241.67,10385402,241.67
MSFT,2023-08-25,239.44,239.97,237.3,239.44,2921387,239.44
MSFT,2023-08-26,232.22,233.86,231.25,232.22,2652918,232.22
MSFT,2023-08-27,232.77,237.35,231.16,232.77,3742411,232.77
MSFT,2023-08-28,232.26,237.31,229.33,232.26,3758742,232.26
MSFT,2023-08-29,227.74,228.87,226.24,227.74,3529338,227.74
MSFT,2023-08-30,233.78,233.94,233.51,233.78,16588365,233.78
MSFT,2023-08-31,228.89,232.86,227.13,228.89,83092932,228.89
MSFT,2023-09-01,225.9,229.59,225.6,225.9,2715307,225.9
MSFT,2023-09-02,227.51,227.79,225.74,227.51,2865811,227.51
MSFT,2023-09-03,229.13,230.11,227.89,229.13,2431837,229.13
MSFT,2023-09-04,231.46,232.24,230.42,231.46,848551,231.46
MSFT,2023-09-05,236.77,238.82,236.33,236.77,1713690,236.77
MSFT,2023-09-06,237.35,237.61,235.8,237.35,3415665,237.35
MSFT,2023-09-07,235.73,239.96,233.64,235.73,5485046,235.73
MSFT,2023-09-08,240.32,240.77,239.46,240.32,1700797,240.32
MSFT,2023-09-09,236.98,237.66,234.8,236.98,2483615,236.98
AMZN,2023-01-01,301.76,302.52,296.26,301.76,3545386,301.76
AMZN,2023-01-02,302.51,304.28,302.07,302.51,2488911,302.51
AMZN,2023-01-03,310.87,311.77,308.68,310.87,3607396,310.87
AMZN,2023-01-04,308.62,309.77,303.72,308.62,1145792,308.62
AMZN,2023-01-05,311.52,316.18,308.98,311.52,8219429,311.52
AMZN,2023-01-06,317.59,321.7,314.06,317.59,1804658,317.59
AMZN,2023-01-07,320.18,323.46,316.34,320.18,703730,320.18
AMZN,2023-01-08,331.96,336.66,328.46,331.96,4692508,331.96
AMZN,2023-01-09,329.4,332.96,324.05,329.4,6227814,329.4
AMZN,2023-01-10,336.65,336.94,335.1,336.65,3505742,336.65
AMZN,2023-01-11,332.68,332.75,330.36,332.68,6028684,332.68
AMZN,2023-01-12,341.29,343.02,341.01,341.29,8790047,341.29
AMZN,2023-01-13,341.76,345.03,339.58,341.76,1969445,341.76
AMZN,2023-01-14,335.34,336.9,332.05,335.34,1367168,335.34
AMZN,2023-01-15,320.22,321.55,316.46,320.22,1974032,320.22
AMZN,2023-01-16,334.03,337.0,331.92,334.03,3017033,334.03
AMZN,2023-01-17,336.85,338.57,332.94,336.85,5009503,336.85
AMZN,2023-01-18,340.25,340.59,335.98,340.25,5723846,340.25
AMZN,2023-01-19,343.12,345.36,337.08,343.12,3944214,343.12
AMZN,2023-01-20,343.02,347.03,340.62,343.02,3997204,343.02
AMZN,2023-01-21,356.56,356.66,351.82,356.56,28744012,356.56
AMZN,2023-01-22,351.82,355.48,348.3,351.82,6767650,351.82
AMZN,2023-01-23,361.3,367.66,361.25,361.3,1218494,361.3
AMZN,2023-01-24,357.54,357.66,357.47,357.54,12094945,357.54
AMZN,2023-01-25,348.48,352.37,347.4,348.48,4728904,348.48
AMZN,2023-01-26,345.74,347.55,341.68,345.74,5240634,345.74
AMZN,2023-01-27,339.28,341.01,337.53,339.28,926322,339.28
AMZN,2023-01-28,343.08,344.26,341.84,343.08,3685307,343.08
AMZN,2023-01-29,335.76,337.9,330.9,335.76,35016215,335.76
AMZN,2023-01-30,324.36,327.75,323.4,324.36,26226561,324.36
AMZN,2023-01-31,321.06,323.95,320.09,321.06,11773987,321.06
AMZN,2023-02-01,336.23,336.94,332.4,336.23,13441705,336.23
AMZN,2023-02-02,340.37,341.65,334.98,340.37,1047967,340.37
AMZN,2023-02-03,335.83,337.83,333.35,335.83,2383285,335.83
AMZN,2023-02-04,344.73,346.22,340.66,344.73,4916147,344.73
AMZN,2023-02-05,353.62,354.22,350.53,353.62,1949317,353.62
AMZN,2023-02-06,355.81,361.42,353.57,355.81,4686190,355.81
AMZN,2023-02-07,346.98,352.26,345.0,346.98,1635281,346.98
AMZN,2023-02-08,351.88,355.35,348.9,351.88,1227841,351.88
AMZN,2023-02-09,345.14,346.65,344.81,345.14,6908210,345.14
AMZN,2023-02-10,326.02,327.3,324.79,326.02,3445688,326.02
AMZN,2023-02-11,326.52,327.27,326.23,326.52,2066160,326.52
AMZN,2023-02-12,324.24,324.41,322.6,324.24,3559383,324.24
AMZN,2023-02-13,319.47,322.15,317.84,319.47,6971860,319.47
AMZN,2023-02-14,326.63,328.24,320.5,326.63,4788102,326.63
AMZN,2023-02-15,322.29,322.62,321.81,322.29,5686751,322.29
AMZN,2023-02-16,328.36,332.21,324.03,328.36,3627471,328.36
AMZN,2023-02-17,317.6,319.54,313.13,317.6,3793347,317.6
AMZN,2023-02-18,331.76,333.02,324.08,331.76,3264090,331.76
AMZN,2023-02-19,329.3,331.65,327.13,329.3,795674,329.3
AMZN,2023-02-20,326.01,326.18,318.65,326.01,2965523,326.01
AMZN,2023-02-21,337.56,339.02,335.34,337.56,2027116,337.56
AMZN,2023-02-22,340.17,341.91,338.58,340.17,1906967,340.17
AMZN,2023-02-23,333.54,337.48,331.18,333.54,494632,333.54
AMZN,2023-02-24,331.63,335.09,331.08,331.63,1829312,331.63
AMZN,2023-02-25,330.29,330.65,329.69,330.29,3009616,330.29
AMZN,2023-02-26,329.63,332.83,326.25,329.63,1099145,329.63
AMZN,2023-02-27,330.56,332.48,327.45,330.56,729328,330.56
AMZN,2023-02-28,325.13,329.69,324.11,325.13,2639011,325.13
AMZN,2023-03-01,320.27,322.1,319.87,320.27,1580672,320.27
AMZN,2023-03-02,313.98,315.17,313.15,313.98,947629,313.98
AMZN,2023-03-03,322.0,324.07,314.84,322.0,15076298,322.0
AMZN,2023-03-04,321.67,323.06,316.29,321.67,1199455,321.67
AMZN,2023-03-05,325.07,328.89,322.03,325.07,14085505,325.07
AMZN,2023-03-06,316.24,316.54,312.83,316.24,6555683,316.24
AMZN,2023-03-07,310.45,312.36,307.72,310.45,982704,310.45
AMZN,2023-03-08,305.99,306.13,305.69,305.99,2632716,305.99
AMZN,2023-03-09,302.22,303.3,297.43,302.22,1624991,302.22
AMZN,2023-03-10,301.18,302.07,300.66,301.18,957441,301.18
AMZN,2023-03-11,304.06,304.43,299.68,304.06,733511,304.06
AMZN,2023-03-12,303.53,306.67,302.64,303.53,1311319,303.53
AMZN,2023-03-13,298.88,301.23,294.26,298.88,2342594,298.88
AMZN,2023-03-14,293.95,296.3,292.65,293.95,2201627,293.95
AMZN,2023-03-15,295.61,299.28,293.16,295.61,4043713,295.61
AMZN,2023-03-16,303.23,304.46,301.86,303.23,7155536,303.23
AMZN,2023-03-17,306.14,311.33,301.04,306.14,3892845,306.14
AMZN,2023-03-18,303.96,305.41,299.42,303.96,1758176,303.96
AMZN,2023-03-19,309.45,312.71,306.29,309.45,3196440,309.45
AMZN,2023-03-20,308.0,312.74,307.14,308.0,1644992,308.0
AMZN,2023-03-21,319.08,319.24,317.18,319.08,1725717,319.08
AMZN,2023-03-22,310.72,315.45,306.82,310.72,3057416,310.72
AMZN,2023-03-23,324.57,324.62,321.01,324.57,5758348,324.57
AMZN,2023-03-24,321.17,321.75,319.97,321.17,887117,321.17
AMZN,2023-03-25,323.34,327.03,321.1,323.34,2648697,323.34
AMZN,2023-03-26,316.49,318.02,315.2,316.49,15841798,316.49
AMZN,2023-03-27,314.8,316.47,314.5,314.8,592623,314.8
AMZN,2023-03-28,300.26,304.41,299.29,300.26,3260278,300.26
AMZN,2023-03-29,305.78,310.43,305.16,305.78,665422,305.78
AMZN,2023-03-30,307.72,311.96,306.97,307.72,4018410,307.72
AMZN,2023-03-31,305.62,312.53,300.54,305.62,1987969,305.62
AMZN,2023-04-01,296.09,298.34,293.72,296.09,2416471,296.09
AMZN,2023-04-02,305.48,307.74,304.95,305.48,5448231,305.48
AMZN,2023-04-03,315.04,321.16,307.82,315.04,10573619,315.04
AMZN,2023-04-04,318.18,320.73,315.37,318.18,4359340,318.18
AMZN,2023-04-05,321.64,322.82,321.13,321.64,5035194,321.64
AMZN,2023-04-06,307.91,308.73,303.65,307.91,3139146,307.91
AMZN,2023-04-07,316.26,319.13,314.02,316.26,1397902,316.26
AMZN,2023-04-08,312.05,313.78,309.59,312.05,14206365,312.05
AMZN,2023-04-09,306.09,308.18,303.48,306.09,17077909,306.09
AMZN,2023-04-10,300.7,306.72,299.86,300.7,54226889,300.7
AMZN,2023-04-11,294.41,295.84,287.88,294.41,20072071,294.41
AMZN,2023-04-12,283.65,290.43,283.37,283.65,3679802,283.65
AMZN,2023-04-13,291.98,294.46,286.14,291.98,2808413,291.98
AMZN,2023-04-14,288.2,292.05,286.95,288.2,9276370,288.2
AMZN,2023-04-15,283.85,284.79,283.09,283.85,1687763,283.85
AMZN,2023-04-16,281.71,283.57,281.35,281.71,1818563,281.71
AMZN,2023-04-17,284.39,286.07,282.55,284.39,1773233,284.39
AMZN,2023-04-18,288.12,290.57,285.57,288.12,552370,288.12
AMZN,2023-04-19,288.38,290.01,288.25,288.38,998501,288.38
AMZN,2023-04-20,287.54,290.73,286.86,287.54,2347468,287.54
AMZN,2023-04-21,289.73,289.92,284.29,289.73,1963158,289.73
AMZN,2023-04-22,289.25,298.46,288.6,289.25,8480003,289.25
AMZN,2023-04-23,292.87,299.71,288.68,292.87,697612,292.87
AMZN,2023-04-24,286.62,287.12,283.74,286.62,387146,286.62
AMZN,2023-04-25,281.61,282.65,279.06,281.61,10246145,281.61
AMZN,2023-04-26,275.55,275.59,274.47,275.55,3947054,275.55
AMZN,2023-04-27,277.42,281.82,275.5,277.42,2146252,277.42
AMZN,2023-04-28,281.1,283.21,275.35,281.1,2793670,281.1
AMZN,2023-04-29,280.91,284.6,275.3,280.91,2664060,280.91
AMZN,2023-04-30,285.09,288.08,278.79,285.09,857462,285.09
AMZN,2023-05-01,271.17,273.53,270.61,271.17,13510987,271.17
AMZN,2023-05-02,271.59,277.68,269.03,271.59,2264491,271.59
AMZN,2023-05-03,274.11,276.06,272.97,274.11,2926586,274.11
AMZN,2023-05-04,273.46,273.8,271.53,273.46,2320073,273.46
AMZN,2023-05-05,267.6,267.78,265.91,267.6,1203552,267.6
AMZN,2023-05-06,258.61,261.02,256.89,258.61,13355153,258.61
AMZN,2023-05-07,258.88,261.67,256.44,258.88,484991,258.88
AMZN,2023-05-08,255.25,255.77,254.33,255.25,11767518,255.25
AMZN,2023-05-09,257.15,262.95,256.84,257.15,3615480,257.15
AMZN,2023-05-10,259.14,260.13,258.2,259.14,953360,259.14
AMZN,2023-05-11,263.82,270.43,261.49,263.82,3136949,263.82
AMZN,2023-05-12,256.84,258.77,254.91,256.84,726480,256.84
AMZN,2023-05-13,250.36,255.57,246.42,250.36,1413081,250.36
AMZN,2023-05-14,249.93,250.85,247.46,249.93,6326276,249.93
AMZN,2023-05-15,253.22,255.27,251.49,253.22,8272417,253.22
AMZN,2023-05-16,256.77,260.08,253.87,256.77,18571224,256.77
AMZN,2023-05-17,267.01,267.2,266.82,267.01,3826322,267.01
AMZN,2023-05-18,270.37,274.27,269.75,270.37,1166185,270.37
AMZN,2023-05-19,270.53,272.92,268.78,270.53,3919941,270.53
AMZN,2023-05-20,267.46,270.4,263.57,267.46,1105111,267.46
AMZN,2023-05-21,255.37,256.82,254.63,255.37,3174505,255.37
AMZN,2023-05-22,256.43,259.69,251.65,256.43,4211985,256.43
AMZN,2023-05-23,250.66,251.02,249.18,250.66,8918476,250.66
AMZN,2023-05-24,251.6,253.01,249.32,251.6,2909366,251.6
AMZN,2023-05-25,244.3,245.26,243.86,244.3,3883883,244.3
AMZN,2023-05-26,248.05,251.65,247.87,248.05,3530440,248.05
AMZN,2023-05-27,246.46,247.82,246.44,246.46,10376556,246.46
AMZN,2023-05-28,252.3,253.1,252.1,252.3,2487409,252.3
AMZN,2023-05-29,254.97,256.21,254.28,254.97,4362008,254.97
AMZN,2023-05-30,251.28,252.41,249.55,251.28,7074700,251.28
AMZN,2023-05-31,249.94,254.12,249.84,249.94,4147286,249.94
AMZN,2023-06-01,243.2,246.62,243.11,243.2,18615490,243.2
AMZN,2023-06-02,243.68,244.2,242.43,243.68,6213176,243.68
AMZN,2023-06-03,246.46,249.75,245.06,246.46,6732682,246.46
AMZN,2023-06-04,243.53,245.52,243.05,243.53,3566677,243.53
AMZN,2023-06-05,241.51,245.78,241.15,241.51,922650,241.51
AMZN,2023-06-06,233.93,236.33,231.37,233.93,3370061,233.93
AMZN,2023-06-07,230.08,230.31,229.28,230.08,834391,230.08
AMZN,2023-06-08,228.21,229.75,226.01,228.21,2245264,228.21
AMZN,2023-06-09,225.59,227.56,223.98,225.59,5131062,225.59
AMZN,2023-06-10,227.69,231.11,226.54,227.69,2928315,227.69
AMZN,2023-06-11,229.13,229.67,226.74,229.13,3630010,229.13
AMZN,2023-06-12,231.4,232.77,230.34,231.4,22666295,231.4
AMZN,2023-06-13,234.07,236.65,233.39,234.07,8237817,234.07
AMZN,2023-06-14,239.04,239.63,238.86,239.04,733008,239.04
AMZN,2023-06-15,239.12,240.48,237.29,239.12,917967,239.12
AMZN,2023-06-16,239.85,240.4,236.62,239.85,3405055,239.85
AMZN,2023-06-17,241.48,244.67,240.33,241.48,26335324,241.48
AMZN,2023-06-18,241.98,244.89,241.18,241.98,1074271,241.98
AMZN,2023-06-19,241.42,242.55,240.77,241.42,1055869,241.42
AMZN,2023-06-20,235.6,236.59,234.08,235.6,2004829,235.6
AMZN,2023-06-21,223.88,226.47,221.67,223.88,1561987,223.88
AMZN,2023-06-22,222.55,223.78,221.87,222.55,13222399,222.55
AMZN,2023-06-23,221.11,223.01,218.49,221.11,3429092,221.11
AMZN,2023-06-24,216.56,217.58,215.92,216.56,1039381,216.56
AMZN,2023-06-25,217.19,217.53,213.52,217.19,1133335,217.19
AMZN,2023-06-26,225.51,225.69,222.47,225.51,4451796,225.51
AMZN,2023-06-27,231.31,232.6,229.12,231.31,5997331,231.31
AMZN,2023-06-28,227.14,229.25,226.64,227.14,3330964,227.14
AMZN,2023-06-29,225.37,227.17,225.02,225.37,484128,225.37
AMZN,2023-06-30,217.87,220.64,216.16,217.87,7727149,217.87
AMZN,2023-07-01,219.5,220.19,216.33,219.5,4605898,219.5
AMZN,2023-07-02,222.52,222.55,221.5,222.52,2470089,222.52
AMZN,2023-07-03,231.87,234.39,231.15,231.87,718277,231.87
AMZN,2023-07-04,229.27,231.05,225.13,229.27,8078681,229.27
AMZN,2023-07-05,238.89,239.77,235.88,238.89,4189274,238.89
AMZN,2023-07-06,242.53,243.63,241.29,242.53,1794644,242.53
AMZN,2023-07-07,248.5,248.61,248.15,248.5,2778753,248.5
AMZN,2023-07-08,250.27,253.24,249.82,250.27,4459553,250.27
AMZN,2023-07-09,244.12,244.63,241.93,244.12,4467937,244.12
AMZN,2023-07-10,254.91,255.21,252.16,254.91,4143633,254.91
AMZN,2023-07-11,257.58,259.99,253.15,257.58,1284834,257.58
AMZN,2023-07-12,257.59,258.76,254.81,257.59,5482726,257.59
AMZN,2023-07-13,258.37,262.88,256.74,258.37,23657181,258.37
AMZN,2023-07-14,263.08,264.81,262.72,263.08,5173603,263.08
AMZN,2023-07-15,270.64,272.55,269.38,270.64,3130907,270.64
AMZN,2023-07-16,270.21,272.35,269.5,270.21,808408,270.21
AMZN,2023-07-17,266.93,268.6,261.01,266.93,8282344,266.93
AMZN,2023-07-18,267.9,269.35,265.48,267.9,4418582,267.9
AMZN,2023-07-19,261.28,262.87,257.69,261.28,2842240,261.28
AMZN,2023-07-20,261.19,261.47,258.01,261.19,3765607,261.19
AMZN,2023-07-21,256.79,256.81,256.37,256.79,5558226,256.79
AMZN,2023-07-22,259.96,262.38,259.48,259.96,8504373,259.96
AMZN,2023-07-23,254.23,258.66,251.76,254.23,16642046,254.23
AMZN,2023-07-24,249.63,249.77,249.15,249.63,833338,249.63
AMZN,2023-07-25,253.36,255.26,251.79,253.36,2549789,253.36
AMZN,2023-07-26,250.06,252.81,249.53,250.06,1534497,250.06
AMZN,2023-07-27,251.38,255.59,251.11,251.38,6298198,251.38
AMZN,2023-07-28,250.73,252.51,248.69,250.73,4305119,250.73
AMZN,2023-07-29,259.85,263.37,258.22,259.85,4662804,259.85
AMZN,2023-07-30,258.78,260.45,256.71,258.78,2678712,258.78
AMZN,2023-07-31,253.79,255.82,252.09,253.79,18878840,253.79
AMZN,2023-08-01,258.34,258.43,257.27,258.34,5554005,258.34
AMZN,2023-08-02,254.11,257.08,251.44,254.11,847695,254.11
AMZN,2023-08-03,254.28,256.11,253.72,254.28,2538154,254.28
AMZN,2023-08-04,257.25,263.2,254.37,257.25,6820093,257.25
AMZN,2023-08-05,262.71,265.07,261.89,262.71,1721404,262.71
AMZN,2023-08-06,265.28,266.05,262.95,265.28,6086902,265.28
AMZN,2023-08-07,266.04,267.2,264.65,266.04,9706730,266.04
AMZN,2023-08-08,275.55,277.19,274.09,275.55,2615598,275.55
AMZN,2023-08-09,273.93,275.92,265.16,273.93,1412380,273.93
AMZN,2023-08-10,273.26,274.09,272.01,273.26,1462968,273.26
AMZN,2023-08-11,269.38,275.07,268.11,269.38,1345349,269.38
AMZN,2023-08-12,265.79,267.29,263.44,265.79,4781847,265.79
AMZN,2023-08-13,259.64,259.69,258.06,259.64,2504764,259.64
AMZN,2023-08-14,267.75,272.14,263.94,267.75,1304361,267.75
AMZN,2023-08-15,272.67,275.58,271.5,272.67,966615,272.67
AMZN,2023-08-16,274.43,281.45,274.4,274.43,2955514,274.43
AMZN,2023-08-17,273.62,275.03,273.38,273.62,4345235,273.62
AMZN,2023-08-18,272.3,275.12,265.97,272.3,2967851,272.3
AMZN,2023-08-19,289.99,291.22,288.25,289.99,2399366,289.99
AMZN,2023-08-20,286.84,287.66,284.45,286.84,1296681,286.84
AMZN,2023-08-21,297.36,299.74,292.91,297.36,10068272,297.36
AMZN,2023-08-22,294.08,298.61,292.73,294.08,3583432,294.08
AMZN,2023-08-23,301.11,301.27,292.18,301.11,2120800,301.11
AMZN,2023-08-24,304.97,306.79,303.73,304.97,2883243,304.97
AMZN,2023-08-25,303.76,305.64,303.31,303.76,7543319,303.76
AMZN,2023-08-26,298.14,298.28,296.67,298.14,6471322,298.14
AMZN,2023-08-27,309.54,311.33,308.31,309.54,1852410,309.54
AMZN,2023-08-28,306.26,308.21,305.6,306.26,4978057,306.26
AMZN,2023-08-29,311.62,313.69,307.73,311.62,1674590,311.62
AMZN,2023-08-30,322.13,324.16,321.01,322.13,2690509,322.13
AMZN,2023-08-31,322.3,324.46,317.66,322.3,1424420,322.3
AMZN,2023-09-01,327.45,327.46,326.61,327.45,1065611,327.45
AMZN,2023-09-02,326.14,328.36,324.3,326.14,12788582,326.14
AMZN,2023-09-03,333.49,334.66,331.51,333.49,205977,333.49
AMZN,2023-09-04,326.64,330.36,321.97,326.64,3153500,326.64
AMZN,2023-09-05,329.01,334.98,328.79,329.01,427815,329.01
AMZN,2023-09-06,324.42,326.4,324.15,324.42,7700747,324.42
AMZN,2023-09-07,321.41,325.11,320.62,321.41,4288628,321.41
AMZN,2023-09-08,322.69,325.16,322.51,322.69,4385266,322.69
AMZN,2023-09-09,313.98,314.23,310.16,313.98,5044545,313.98
