date,product_id,product_name,category,customer_id,quantity,price,revenue
2023-12-15,P007,Monitor,Display,C021,3,316.77,950.31
2023-05-02,P007,Monitor,Display,C088,3,275.99,827.97
2023-04-10,P005,Keyboard,Accessories,C002,3,72.32,216.96
2023-10-21,P008,Speaker,Audio,C021,2,140.45,280.89
2023-11-10,P001,Laptop,Electronics,C049,5,986.38,4931.9
2023-02-28,P003,Tablet,Electronics,C188,2,363.72,727.45
2023-09-28,P008,Speaker,Audio,C064,3,146.46,439.39
2023-05-11,P001,Laptop,Electronics,C021,5,1021.5,5107.49
2023-06-16,P001,Laptop,Electronics,C060,2,1089.77,2179.53
2023-08-30,P006,Mouse,Accessories,C053,2,28.82,57.64
2023-12-06,P002,Phone,Electronics,C199,4,691.61,2766.45
2023-09-21,P004,Headphones,Audio,C164,3,140.63,421.89
2023-12-26,P002,Phone,Electronics,C134,4,673.63,2694.52
2023-04-16,P006,Mouse,Accessories,C191,4,28.1,112.4
2023-08-06,P002,Phone,Electronics,C190,4,761.52,3046.08
2023-09-27,P004,Headphones,Audio,C040,4,118.17,472.67
2023-07-27,P005,Keyboard,Accessories,C053,5,76.33,381.66
2023-08-05,P008,Speaker,Audio,C041,4,153.2,612.8
2023-01-15,P005,Keyboard,Accessories,C071,5,73.18,365.92
2023-12-10,P001,Laptop,Electronics,C063,1,939.73,939.73
2023-03-22,P003,Tablet,Electronics,C123,3,423.2,1269.61
2023-08-19,P005,Keyboard,Accessories,C135,2,73.84,147.69
2023-11-24,P001,Laptop,Electronics,C048,4,966.17,3864.68
2023-03-03,P007,Monitor,Display,C104,5,313.77,1568.83
2023-02-04,P006,Mouse,Accessories,C175,1,29.29,29.29
2023-05-11,P006,Mouse,Accessories,C142,1,31.32,31.32
2023-10-10,P007,Monitor,Display,C090,1,312.63,312.63
2023-06-28,P002,Phone,Electronics,C096,1,674.0,674.0
2023-08-10,P004,Headphones,Audio,C143,5,123.47,617.36
2023-01-29,P003,Tablet,Electronics,C071,4,435.42,1741.67
2023-08-31,P003,Tablet,Electronics,C045,4,434.36,1737.46
2023-05-14,P006,Mouse,Accessories,C044,4,31.81,127.25
2023-10-13,P004,Headphones,Audio,C092,3,125.42,376.27
2023-08-19,P001,Laptop,Electronics,C027,1,954.42,954.42
2023-05-01,P006,Mouse,Accessories,C003,4,29.11,116.42
2023-07-17,P007,Monitor,Display,C165,3,295.03,885.1
2023-11-03,P001,Laptop,Electronics,C059,2,967.51,1935.03
2023-06-09,P006,Mouse,Accessories,C062,1,29.41,29.41
2023-02-21,P001,Laptop,Electronics,C130,4,950.35,3801.39
2023-04-23,P003,Tablet,Electronics,C081,5,382.78,1913.89
2023-04-23,P003,Tablet,Electronics,C054,2,400.2,800.41
2023-08-12,P007,Monitor,Display,C126,1,308.05,308.05
2023-02-22,P002,Phone,Electronics,C198,4,692.68,2770.72
2023-09-04,P008,Speaker,Audio,C184,4,137.42,549.67
2023-09-12,P003,Tablet,Electronics,C198,5,410.57,2052.87
2023-08-28,P006,Mouse,Accessories,C187,1,27.9,27.9
2023-12-15,P006,Mouse,Accessories,C187,3,30.54,91.61
2023-12-12,P004,Headphones,Audio,C148,3,138.04,414.11
2023-07-18,P008,Speaker,Audio,C168,4,163.2,652.82
2023-02-08,P008,Speaker,Audio,C011,2,160.12,320.24
2023-05-31,P004,Headphones,Audio,C144,2,123.7,247.39
2023-04-22,P002,Phone,Electronics,C113,1,702.32,702.32
2023-10-31,P002,Phone,Electronics,C160,4,708.15,2832.6
2023-01-09,P003,Tablet,Electronics,C048,1,387.93,387.93
2023-05-11,P008,Speaker,Audio,C120,4,161.6,646.41
2023-04-26,P001,Laptop,Electronics,C164,3,1087.12,3261.35
2023-04-14,P006,Mouse,Accessories,C112,4,30.47,121.9
2023-04-09,P006,Mouse,Accessories,C128,1,27.02,27.02
2023-12-04,P006,Mouse,Accessories,C189,2,31.14,62.28
2023-06-10,P001,Laptop,Electronics,C021,4,947.44,3789.76
2023-05-15,P008,Speaker,Audio,C033,3,154.72,464.15
2023-01-22,P008,Speaker,Audio,C008,5,149.59,747.96
2023-01-27,P003,Tablet,Electronics,C097,2,388.0,775.99
2023-11-13,P004,Headphones,Audio,C192,3,131.86,395.59
2023-01-17,P001,Laptop,Electronics,C046,4,1088.08,4352.32
2023-01-06,P005,Keyboard,Accessories,C037,3,83.95,251.86
2023-12-15,P008,Speaker,Audio,C095,1,151.57,151.57
2023-07-07,P003,Tablet,Electronics,C160,1,366.02,366.02
2023-06-10,P007,Monitor,Display,C025,3,280.16,840.48
2023-08-11,P002,Phone,Electronics,C174,2,760.19,1520.38
2023-04-24,P008,Speaker,Audio,C130,2,142.62,285.23
2023-09-30,P002,Phone,Electronics,C176,1,649.12,649.12
2023-06-19,P007,Monitor,Display,C153,2,318.6,637.19
2023-01-13,P008,Speaker,Audio,C057,4,150.33,601.32
2023-06-22,P004,Headphones,Audio,C144,4,133.89,535.56
2023-05-23,P006,Mouse,Accessories,C032,4,30.46,121.85
2023-12-08,P007,Monitor,Display,C063,3,297.93,893.78
2023-05-05,P006,Mouse,Accessories,C049,2,32.15,64.3
2023-06-19,P004,Headphones,Audio,C008,3,120.29,360.88
2023-03-01,P005,Keyboard,Accessories,C103,4,87.43,349.73
2023-09-19,P004,Headphones,Audio,C094,5,122.04,610.22
2023-12-21,P007,Monitor,Display,C114,4,277.96,1111.82
2023-04-16,P004,Headphones,Audio,C063,3,137.66,412.99
2023-04-02,P003,Tablet,Electronics,C117,2,366.27,732.53
2023-10-06,P006,Mouse,Accessories,C129,1,31.12,31.12
2023-05-02,P002,Phone,Electronics,C096,1,691.92,691.92
2023-04-28,P006,Mouse,Accessories,C117,1,30.95,30.95
2023-09-29,P001,Laptop,Electronics,C191,5,1047.57,5237.84
2023-10-05,P005,Keyboard,Accessories,C076,5,78.7,393.52
2023-05-24,P002,Phone,Electronics,C185,3,736.09,2208.26
2023-08-08,P005,Keyboard,Accessories,C094,5,73.5,367.49
2023-07-23,P006,Mouse,Accessories,C085,2,31.57,63.14
2023-04-10,P007,Monitor,Display,C101,1,297.87,297.87
2023-09-07,P007,Monitor,Display,C100,2,326.94,653.88
2023-06-29,P002,Phone,Electronics,C186,2,717.61,1435.22
2023-09-14,P008,Speaker,Audio,C016,5,155.51,777.54
2023-12-02,P008,Speaker,Audio,C128,2,135.79,271.57
2023-12-06,P008,Speaker,Audio,C124,4,146.64,586.54
2023-06-28,P001,Laptop,Electronics,C067,3,1088.28,3264.85
2023-06-17,P001,Laptop,Electronics,C029,2,941.33,1882.65
2023-01-12,P005,Keyboard,Accessories,C035,2,72.61,145.23
2023-12-03,P007,Monitor,Display,C154,2,289.13,578.26
2023-03-31,P002,Phone,Electronics,C135,2,666.49,1332.98
2023-11-10,P004,Headphones,Audio,C075,5,126.05,630.24
2023-08-05,P005,Keyboard,Accessories,C164,5,87.47,437.35
2023-12-23,P002,Phone,Electronics,C177,1,709.58,709.58
2023-02-05,P003,Tablet,Electronics,C096,2,379.99,759.98
2023-05-31,P008,Speaker,Audio,C183,5,142.15,710.74
2023-10-06,P005,Keyboard,Accessories,C030,1,75.8,75.8
2023-03-03,P001,Laptop,Electronics,C086,4,1065.28,4261.12
2023-07-06,P005,Keyboard,Accessories,C140,3,78.22,234.65
2023-08-21,P005,Keyboard,Accessories,C199,3,73.45,220.35
2023-07-25,P004,Headphones,Audio,C111,4,131.9,527.6
2023-03-10,P008,Speaker,Audio,C180,3,153.06,459.19
2023-02-22,P003,Tablet,Electronics,C181,1,369.07,369.07
2023-07-05,P002,Phone,Electronics,C075,2,691.8,1383.61
2023-08-27,P002,Phone,Electronics,C186,4,726.31,2905.26
2023-09-10,P004,Headphones,Audio,C137,5,122.78,613.89
2023-10-10,P002,Phone,Electronics,C029,2,650.52,1301.03
2023-12-05,P005,Keyboard,Accessories,C145,5,77.92,389.6
2023-11-23,P007,Monitor,Display,C036,1,305.5,305.5
2023-09-09,P006,Mouse,Accessories,C182,3,31.65,94.96
2023-04-01,P007,Monitor,Display,C039,2,324.37,648.74
2023-06-22,P006,Mouse,Accessories,C126,5,29.42,147.11
2023-05-28,P002,Phone,Electronics,C127,4,737.4,2949.59
2023-01-01,P001,Laptop,Electronics,C190,3,1016.66,3049.99
2023-07-10,P001,Laptop,Electronics,C056,4,957.13,3828.53
2023-04-27,P001,Laptop,Electronics,C160,2,902.42,1804.84
2023-11-13,P005,Keyboard,Accessories,C164,5,72.69,363.43
2023-05-27,P003,Tablet,Electronics,C047,4,366.03,1464.1
2023-11-01,P001,Laptop,Electronics,C118,1,1025.5,1025.5
2023-05-24,P003,Tablet,Electronics,C074,1,433.21,433.21
2023-09-29,P008,Speaker,Audio,C117,4,138.19,552.77
2023-05-02,P008,Speaker,Audio,C136,4,154.4,617.58
2023-11-12,P002,Phone,Electronics,C101,2,667.22,1334.44
2023-08-16,P001,Laptop,Electronics,C145,3,1039.62,3118.87
2023-07-31,P001,Laptop,Electronics,C157,5,1036.94,5184.68
2023-02-15,P005,Keyboard,Accessories,C082,3,85.15,255.45
2023-09-13,P003,Tablet,Electronics,C194,5,409.06,2045.31
2023-11-08,P002,Phone,Electronics,C005,2,707.21,1414.42
2023-10-16,P007,Monitor,Display,C177,1,298.81,298.81
2023-12-07,P003,Tablet,Electronics,C086,2,390.46,780.92
2023-10-10,P003,Tablet,Electronics,C098,1,427.06,427.06
2023-04-09,P001,Laptop,Electronics,C055,1,902.73,902.73
2023-07-16,P006,Mouse,Accessories,C181,5,32.97,164.84
2023-02-22,P007,Monitor,Display,C083,5,315.41,1577.07
2023-03-26,P001,Laptop,Electronics,C051,1,925.82,925.82
2023-07-24,P005,Keyboard,Accessories,C113,4,75.65,302.6
2023-10-15,P008,Speaker,Audio,C072,2,145.74,291.47
2023-06-03,P007,Monitor,Display,C118,2,301.21,602.42
2023-11-02,P003,Tablet,Electronics,C133,4,425.3,1701.2
2023-08-10,P006,Mouse,Accessories,C112,3,29.41,88.23
2023-10-30,P007,Monitor,Display,C066,5,307.21,1536.04
2023-04-13,P003,Tablet,Electronics,C050,4,438.43,1753.7
2023-12-04,P002,Phone,Electronics,C052,3,642.73,1928.19
2023-06-15,P001,Laptop,Electronics,C030,1,1056.72,1056.72
2023-04-16,P007,Monitor,Display,C029,3,311.85,935.54
2023-05-18,P004,Headphones,Audio,C084,1,129.79,129.79
2023-03-10,P008,Speaker,Audio,C194,2,153.61,307.23
2023-05-06,P005,Keyboard,Accessories,C115,3,81.26,243.79
2023-09-06,P007,Monitor,Display,C008,3,278.32,834.96
2023-12-26,P004,Headphones,Audio,C195,4,125.98,503.91
2023-07-14,P008,Speaker,Audio,C178,3,155.02,465.05
2023-05-02,P005,Keyboard,Accessories,C005,3,72.64,217.93
2023-04-02,P002,Phone,Electronics,C149,2,654.77,1309.54
2023-01-01,P006,Mouse,Accessories,C090,5,29.75,148.77
2023-02-03,P006,Mouse,Accessories,C045,1,30.01,30.01
2023-03-14,P003,Tablet,Electronics,C121,2,423.94,847.88
2023-08-27,P006,Mouse,Accessories,C061,3,32.51,97.54
2023-01-26,P001,Laptop,Electronics,C113,4,1061.23,4244.92
2023-09-10,P003,Tablet,Electronics,C127,4,376.74,1506.95
2023-08-02,P008,Speaker,Audio,C078,2,157.79,315.58
2023-12-31,P008,Speaker,Audio,C056,2,136.09,272.18
2023-01-07,P003,Tablet,Electronics,C107,3,431.61,1294.82
2023-10-01,P007,Monitor,Display,C115,2,291.24,582.48
2023-07-11,P007,Monitor,Display,C028,1,314.23,314.23
2023-02-08,P002,Phone,Electronics,C086,1,747.69,747.69
2023-05-06,P002,Phone,Electronics,C013,4,662.64,2650.56
2023-01-25,P004,Headphones,Audio,C109,4,126.22,504.89
2023-04-21,P002,Phone,Electronics,C034,4,705.18,2820.74
2023-09-21,P007,Monitor,Display,C042,1,303.86,303.86
2023-04-11,P001,Laptop,Electronics,C187,4,1029.17,4116.69
2023-11-11,P008,Speaker,Audio,C121,5,144.9,724.5
2023-05-30,P001,Laptop,Electronics,C112,5,930.56,4652.81
2023-12-16,P004,Headphones,Audio,C094,3,119.28,357.83
2023-06-01,P007,Monitor,Display,C031,1,274.8,274.8
2023-08-17,P008,Speaker,Audio,C006,4,164.91,659.63
2023-08-08,P002,Phone,Electronics,C134,3,751.16,2253.48
2023-04-04,P006,Mouse,Accessories,C194,3,31.91,95.74
2023-07-22,P007,Monitor,Display,C044,2,286.79,573.58
2023-11-22,P005,Keyboard,Accessories,C019,2,77.17,154.34
2023-08-13,P004,Headphones,Audio,C047,4,123.29,493.17
2023-03-31,P001,Laptop,Electronics,C100,5,1001.21,5006.05
2023-09-16,P005,Keyboard,Accessories,C010,1,77.9,77.9
2023-05-18,P005,Keyboard,Accessories,C168,4,75.22,300.87
2023-03-25,P002,Phone,Electronics,C073,1,649.43,649.43
2023-09-22,P001,Laptop,Electronics,C038,3,994.62,2983.87
2023-04-04,P007,Monitor,Display,C188,1,321.03,321.03
2023-11-30,P004,Headphones,Audio,C137,5,135.99,679.96
2023-03-17,P002,Phone,Electronics,C040,3,639.3,1917.9
2023-03-01,P008,Speaker,Audio,C105,5,139.18,695.92
2023-09-27,P005,Keyboard,Accessories,C165,4,74.61,298.44
2023-12-05,P005,Keyboard,Accessories,C062,3,82.13,246.39
2023-03-30,P004,Headphones,Audio,C146,5,132.29,661.43
2023-11-24,P008,Speaker,Audio,C097,3,153.71,461.14
2023-03-04,P007,Monitor,Display,C194,1,283.92,283.92
2023-11-05,P006,Mouse,Accessories,C198,3,30.25,90.74
2023-03-08,P006,Mouse,Accessories,C192,3,29.0,87.0
2023-01-15,P004,Headphones,Audio,C155,5,129.87,649.36
2023-06-06,P004,Headphones,Audio,C155,1,125.1,125.1
2023-10-16,P007,Monitor,Display,C010,4,304.18,1216.73
2023-05-03,P005,Keyboard,Accessories,C038,2,77.46,154.93
2023-06-08,P005,Keyboard,Accessories,C180,4,79.3,317.21
2023-01-15,P008,Speaker,Audio,C157,5,151.19,755.93
2023-11-20,P007,Monitor,Display,C155,4,316.3,1265.21
2023-04-25,P007,Monitor,Display,C026,3,303.92,911.76
2023-10-10,P003,Tablet,Electronics,C074,5,426.13,2130.67
2023-02-07,P008,Speaker,Audio,C140,2,163.41,326.82
2023-05-21,P002,Phone,Electronics,C111,2,715.59,1431.19
2023-11-12,P008,Speaker,Audio,C100,3,162.95,488.86
2023-11-20,P008,Speaker,Audio,C072,5,162.66,813.32
2023-04-16,P007,Monitor,Display,C122,1,304.57,304.57
2023-02-20,P001,Laptop,Electronics,C041,5,920.84,4604.2
2023-09-24,P006,Mouse,Accessories,C149,1,27.67,27.67
2023-04-20,P002,Phone,Electronics,C057,4,647.44,2589.77
2023-11-15,P001,Laptop,Electronics,C149,3,1018.24,3054.73
2023-11-05,P007,Monitor,Display,C057,1,282.33,282.33
2023-06-03,P005,Keyboard,Accessories,C025,1,73.82,73.82
2023-03-16,P002,Phone,Electronics,C162,2,695.19,1390.38
2023-01-17,P003,Tablet,Electronics,C179,3,362.62,1087.86
2023-06-01,P006,Mouse,Accessories,C198,1,29.98,29.98
2023-12-10,P005,Keyboard,Accessories,C063,1,77.79,77.79
2023-05-30,P003,Tablet,Electronics,C049,2,361.04,722.08
2023-12-03,P007,Monitor,Display,C148,4,297.53,1190.12
2023-12-08,P006,Mouse,Accessories,C104,4,30.2,120.8
2023-11-23,P001,Laptop,Electronics,C179,1,961.98,961.98
2023-07-30,P003,Tablet,Electronics,C030,5,409.99,2049.94
2023-01-19,P008,Speaker,Audio,C115,2,143.81,287.62
2023-07-13,P007,Monitor,Display,C166,4,298.86,1195.42
2023-11-15,P003,Tablet,Electronics,C157,4,374.54,1498.18
2023-12-25,P007,Monitor,Display,C110,3,292.39,877.17
2023-03-28,P002,Phone,Electronics,C135,4,747.56,2990.24
2023-01-08,P005,Keyboard,Accessories,C067,1,80.82,80.82
2023-09-12,P008,Speaker,Audio,C067,5,152.84,764.21
2023-04-07,P003,Tablet,Electronics,C162,4,379.05,1516.18
2023-04-06,P003,Tablet,Electronics,C165,3,437.0,1311.0
2023-08-11,P006,Mouse,Accessories,C007,2,27.07,54.14
2023-05-31,P001,Laptop,Electronics,C125,5,905.3,4526.49
2023-02-05,P003,Tablet,Electronics,C002,5,393.7,1968.52
2023-10-30,P001,Laptop,Electronics,C130,5,968.35,4841.77
2023-04-29,P003,Tablet,Electronics,C037,4,426.44,1705.77
2023-09-13,P006,Mouse,Accessories,C172,1,29.61,29.61
2023-12-08,P003,Tablet,Electronics,C158,4,371.2,1484.8
2023-02-28,P008,Speaker,Audio,C014,1,149.53,149.53
2023-02-09,P001,Laptop,Electronics,C103,2,1026.69,2053.37
2023-09-03,P001,Laptop,Electronics,C154,3,984.33,2952.99
2023-01-29,P002,Phone,Electronics,C037,5,726.76,3633.8
2023-11-22,P003,Tablet,Electronics,C042,2,402.36,804.73
2023-02-10,P004,Headphones,Audio,C153,2,131.4,262.8
2023-03-17,P006,Mouse,Accessories,C027,5,27.06,135.28
2023-10-14,P001,Laptop,Electronics,C012,3,1019.47,3058.42
2023-11-05,P005,Keyboard,Accessories,C154,2,86.62,173.24
2023-07-09,P005,Keyboard,Accessories,C130,2,78.74,157.49
2023-11-06,P004,Headphones,Audio,C181,3,121.78,365.35
2023-10-09,P004,Headphones,Audio,C040,5,127.11,635.56
2023-06-13,P003,Tablet,Electronics,C054,1,417.71,417.71
2023-02-24,P002,Phone,Electronics,C036,5,697.72,3488.58
2023-05-28,P007,Monitor,Display,C081,3,305.69,917.08
2023-12-31,P006,Mouse,Accessories,C154,3,29.0,86.99
2023-03-14,P002,Phone,Electronics,C129,1,679.21,679.21
2023-03-02,P001,Laptop,Electronics,C025,3,1019.65,3058.94
2023-10-18,P007,Monitor,Display,C108,3,274.66,823.97
2023-04-12,P004,Headphones,Audio,C101,2,119.67,239.34
2023-11-01,P004,Headphones,Audio,C057,5,137.53,687.65
2023-10-30,P007,Monitor,Display,C083,4,302.5,1210.02
2023-05-29,P008,Speaker,Audio,C118,1,154.75,154.75
2023-07-17,P008,Speaker,Audio,C012,1,162.09,162.09
2023-02-28,P007,Monitor,Display,C026,2,273.09,546.17
2023-10-15,P007,Monitor,Display,C145,2,305.29,610.57
2023-10-09,P007,Monitor,Display,C135,5,298.38,1491.91
2023-12-01,P006,Mouse,Accessories,C115,5,31.38,156.88
2023-11-24,P008,Speaker,Audio,C082,2,147.64,295.29
2023-04-13,P007,Monitor,Display,C152,1,309.0,309.0
2023-04-18,P003,Tablet,Electronics,C131,4,398.47,1593.9
2023-06-20,P005,Keyboard,Accessories,C108,2,83.59,167.17
2023-01-15,P007,Monitor,Display,C153,1,302.29,302.29
2023-07-29,P005,Keyboard,Accessories,C170,1,86.16,86.16
2023-11-07,P004,Headphones,Audio,C158,3,139.61,418.84
2023-09-04,P003,Tablet,Electronics,C160,5,402.3,2011.52
2023-08-15,P008,Speaker,Audio,C029,3,164.93,494.78
2023-11-14,P006,Mouse,Accessories,C016,5,29.87,149.34
2023-08-24,P008,Speaker,Audio,C153,1,158.04,158.04
2023-12-25,P007,Monitor,Display,C177,4,314.24,1256.98
2023-05-22,P003,Tablet,Electronics,C190,2,383.7,767.39
2023-06-02,P005,Keyboard,Accessories,C073,1,86.55,86.55
2023-11-01,P007,Monitor,Display,C140,1,310.77,310.77
2023-10-20,P003,Tablet,Electronics,C124,5,380.71,1903.55
2023-10-22,P006,Mouse,Accessories,C153,3,32.41,97.23
2023-02-21,P007,Monitor,Display,C148,4,283.89,1135.56
2023-03-04,P005,Keyboard,Accessories,C110,5,85.28,426.4
2023-04-17,P002,Phone,Electronics,C169,2,683.76,1367.53
2023-09-16,P001,Laptop,Electronics,C047,5,911.56,4557.8
2023-06-26,P007,Monitor,Display,C122,1,325.65,325.65
2023-03-02,P001,Laptop,Electronics,C178,3,979.24,2937.72
2023-03-03,P002,Phone,Electronics,C160,1,651.54,651.54
2023-09-26,P003,Tablet,Electronics,C073,5,402.95,2014.74
2023-12-23,P004,Headphones,Audio,C184,2,128.88,257.77
2023-05-03,P003,Tablet,Electronics,C195,4,398.12,1592.5
2023-08-14,P001,Laptop,Electronics,C040,4,907.08,3628.3
2023-09-18,P001,Laptop,Electronics,C124,3,917.39,2752.16
2023-02-07,P007,Monitor,Display,C090,3,313.39,940.18
2023-02-06,P002,Phone,Electronics,C028,4,645.32,2581.27
2023-03-22,P005,Keyboard,Accessories,C062,2,79.91,159.82
2023-04-25,P005,Keyboard,Accessories,C040,2,81.13,162.26
2023-02-09,P002,Phone,Electronics,C033,3,751.02,2253.05
2023-08-04,P006,Mouse,Accessories,C092,3,32.2,96.59
2023-02-28,P001,Laptop,Electronics,C013,3,932.07,2796.21
2023-02-14,P003,Tablet,Electronics,C100,1,434.4,434.4
2023-06-04,P007,Monitor,Display,C045,4,279.51,1118.03
2023-09-06,P002,Phone,Electronics,C170,3,753.06,2259.18
2023-06-09,P002,Phone,Electronics,C039,3,662.0,1985.99
2023-03-23,P007,Monitor,Display,C077,4,303.36,1213.44
2023-01-12,P005,Keyboard,Accessories,C046,2,76.58,153.17
2023-04-23,P003,Tablet,Electronics,C098,1,410.53,410.53
2023-12-10,P004,Headphones,Audio,C070,5,137.27,686.33
2023-03-15,P003,Tablet,Electronics,C063,1,437.03,437.03
2023-03-01,P004,Headphones,Audio,C196,5,119.66,598.28
2023-12-18,P004,Headphones,Audio,C192,4,118.75,475.02
2023-01-12,P001,Laptop,Electronics,C193,1,1016.42,1016.42
2023-04-30,P006,Mouse,Accessories,C014,3,32.1,96.31
2023-06-24,P008,Speaker,Audio,C180,5,148.37,741.84
2023-01-07,P005,Keyboard,Accessories,C134,5,72.34,361.72
2023-03-20,P007,Monitor,Display,C026,3,285.14,855.42
2023-08-14,P002,Phone,Electronics,C099,5,762.19,3810.96
2023-02-08,P005,Keyboard,Accessories,C116,5,83.09,415.44
2023-05-10,P008,Speaker,Audio,C027,4,154.63,618.5
2023-12-03,P003,Tablet,Electronics,C021,4,362.5,1449.98
2023-12-23,P007,Monitor,Display,C147,3,327.86,983.58
2023-09-14,P001,Laptop,Electronics,C015,2,1078.81,2157.62
2023-06-12,P002,Phone,Electronics,C012,1,721.22,721.22
2023-09-28,P002,Phone,Electronics,C072,4,696.24,2784.96
2023-05-25,P004,Headphones,Audio,C079,5,137.18,685.9
2023-06-23,P003,Tablet,Electronics,C131,2,420.87,841.74
2023-06-30,P005,Keyboard,Accessories,C148,4,87.47,349.88
2023-01-15,P006,Mouse,Accessories,C199,1,27.0,27.0
2023-08-24,P001,Laptop,Electronics,C166,4,986.05,3944.21
2023-11-15,P008,Speaker,Audio,C088,5,143.06,715.3
2023-03-05,P008,Speaker,Audio,C021,5,139.48,697.39
2023-11-16,P002,Phone,Electronics,C095,2,697.18,1394.36
2023-02-01,P006,Mouse,Accessories,C033,3,31.16,93.48
2023-04-12,P004,Headphones,Audio,C179,1,118.02,118.02
2023-02-10,P008,Speaker,Audio,C046,1,138.07,138.07
2023-03-21,P008,Speaker,Audio,C168,4,156.06,624.25
2023-08-30,P008,Speaker,Audio,C033,4,137.16,548.65
2023-03-18,P001,Laptop,Electronics,C103,4,971.55,3886.2
2023-06-15,P002,Phone,Electronics,C143,2,726.51,1453.03
2023-04-16,P002,Phone,Electronics,C061,4,644.63,2578.52
2023-05-03,P003,Tablet,Electronics,C103,1,434.89,434.89
2023-02-10,P007,Monitor,Display,C072,2,326.1,652.2
2023-12-14,P002,Phone,Electronics,C127,4,677.51,2710.05
2023-03-25,P007,Monitor,Display,C022,4,305.84,1223.35
2023-01-03,P002,Phone,Electronics,C014,1,652.95,652.95
2023-01-12,P003,Tablet,Electronics,C045,4,372.75,1491.02
2023-05-02,P003,Tablet,Electronics,C100,3,438.06,1314.17
2023-08-09,P005,Keyboard,Accessories,C051,5,82.53,412.65
2023-03-23,P004,Headphones,Audio,C037,2,133.97,267.95
2023-11-08,P008,Speaker,Audio,C156,1,149.79,149.79
2023-08-31,P002,Phone,Electronics,C182,3,660.87,1982.61
2023-07-26,P007,Monitor,Display,C049,1,320.42,320.42
2023-08-01,P006,Mouse,Accessories,C148,2,31.45,62.89
2023-01-04,P005,Keyboard,Accessories,C020,4,77.93,311.71
2023-06-01,P004,Headphones,Audio,C096,2,139.53,279.06
2023-09-07,P001,Laptop,Electronics,C066,5,979.09,4895.47
2023-09-19,P007,Monitor,Display,C186,2,329.52,659.03
2023-05-05,P006,Mouse,Accessories,C018,4,29.29,117.17
2023-01-21,P008,Speaker,Audio,C008,1,138.94,138.94
2023-08-28,P004,Headphones,Audio,C078,2,123.17,246.33
2023-10-20,P002,Phone,Electronics,C041,5,639.67,3198.35
2023-11-12,P006,Mouse,Accessories,C084,5,29.66,148.31
2023-08-19,P002,Phone,Electronics,C028,1,684.74,684.74
2023-06-12,P002,Phone,Electronics,C193,5,631.26,3156.28
2023-06-13,P008,Speaker,Audio,C031,5,142.1,710.51
2023-01-10,P003,Tablet,Electronics,C080,3,395.35,1186.06
2023-04-03,P002,Phone,Electronics,C105,2,723.7,1447.41
2023-05-13,P001,Laptop,Electronics,C001,4,1017.57,4070.27
2023-03-05,P001,Laptop,Electronics,C107,4,975.86,3903.45
2023-06-24,P005,Keyboard,Accessories,C049,5,80.53,402.63
2023-04-30,P001,Laptop,Electronics,C111,4,989.26,3957.06
2023-04-18,P007,Monitor,Display,C114,3,276.71,830.12
2023-05-10,P006,Mouse,Accessories,C020,1,30.18,30.18
2023-10-12,P002,Phone,Electronics,C198,1,647.09,647.09
2023-09-02,P005,Keyboard,Accessories,C179,3,77.05,231.15
2023-01-12,P006,Mouse,Accessories,C043,2,29.37,58.75
2023-08-05,P006,Mouse,Accessories,C039,2,32.83,65.66
2023-07-03,P007,Monitor,Display,C172,3,299.32,897.96
2023-12-06,P006,Mouse,Accessories,C178,5,27.85,139.26
2023-01-08,P002,Phone,Electronics,C008,2,656.36,1312.72
2023-12-18,P005,Keyboard,Accessories,C175,5,87.4,437.01
2023-07-12,P002,Phone,Electronics,C158,2,682.39,1364.78
2023-05-25,P002,Phone,Electronics,C113,2,751.64,1503.27
2023-11-24,P004,Headphones,Audio,C033,1,134.92,134.92
2023-05-27,P001,Laptop,Electronics,C105,5,1033.38,5166.92
2023-08-08,P002,Phone,Electronics,C198,2,769.91,1539.81
2023-03-14,P007,Monitor,Display,C176,1,294.4,294.4
2023-03-14,P005,Keyboard,Accessories,C068,5,81.06,405.31
2023-04-12,P002,Phone,Electronics,C198,4,723.45,2893.81
2023-03-23,P002,Phone,Electronics,C083,5,741.68,3708.42
2023-11-27,P005,Keyboard,Accessories,C054,1,73.91,73.91
2023-03-30,P007,Monitor,Display,C076,5,289.47,1447.33
2023-07-18,P002,Phone,Electronics,C093,5,683.25,3416.24
2023-11-01,P001,Laptop,Electronics,C102,1,988.87,988.87
2023-09-24,P002,Phone,Electronics,C074,3,653.57,1960.72
2023-09-22,P002,Phone,Electronics,C072,3,705.92,2117.76
2023-04-27,P008,Speaker,Audio,C012,5,145.23,726.14
2023-10-31,P005,Keyboard,Accessories,C015,5,75.93,379.64
2023-12-09,P003,Tablet,Electronics,C171,2,417.23,834.46
2023-01-21,P005,Keyboard,Accessories,C047,3,72.11,216.34
2023-05-04,P005,Keyboard,Accessories,C051,1,82.46,82.46
2023-11-20,P007,Monitor,Display,C019,5,298.74,1493.71
2023-11-30,P002,Phone,Electronics,C117,5,716.42,3582.1
2023-01-27,P004,Headphones,Audio,C035,5,137.87,689.34
2023-05-24,P008,Speaker,Audio,C146,2,153.3,306.6
2023-03-18,P002,Phone,Electronics,C094,4,745.23,2980.93
2023-09-20,P003,Tablet,Electronics,C141,4,374.51,1498.02
2023-03-12,P007,Monitor,Display,C042,1,304.03,304.03
2023-02-05,P008,Speaker,Audio,C007,4,149.5,597.99
2023-06-21,P006,Mouse,Accessories,C123,5,30.79,153.94
2023-04-28,P005,Keyboard,Accessories,C137,5,86.14,430.68
2023-01-09,P002,Phone,Electronics,C121,2,654.46,1308.92
2023-06-19,P005,Keyboard,Accessories,C037,1,75.78,75.78
2023-02-19,P004,Headphones,Audio,C167,3,139.12,417.36
2023-12-11,P002,Phone,Electronics,C183,2,737.32,1474.64
2023-03-10,P002,Phone,Electronics,C161,1,733.15,733.15
2023-05-29,P007,Monitor,Display,C037,1,280.7,280.7
2023-06-09,P007,Monitor,Display,C078,3,283.91,851.72
2023-09-11,P005,Keyboard,Accessories,C035,1,87.79,87.79
2023-03-26,P007,Monitor,Display,C118,2,294.25,588.5
2023-06-16,P005,Keyboard,Accessories,C024,1,83.07,83.07
2023-10-29,P004,Headphones,Audio,C102,3,132.67,398.02
2023-10-15,P002,Phone,Electronics,C097,5,641.11,3205.55
2023-03-14,P004,Headphones,Audio,C169,1,122.88,122.88
2023-07-15,P007,Monitor,Display,C130,5,301.13,1505.67
2023-01-05,P004,Headphones,Audio,C149,4,123.07,492.27
2023-08-18,P008,Speaker,Audio,C044,2,155.39,310.79
2023-02-27,P005,Keyboard,Accessories,C130,3,75.04,225.11
2023-06-21,P007,Monitor,Display,C035,2,291.77,583.53
2023-10-13,P002,Phone,Electronics,C044,4,638.41,2553.64
2023-02-05,P002,Phone,Electronics,C031,5,654.53,3272.67
2023-11-07,P007,Monitor,Display,C121,2,275.79,551.58
2023-01-12,P007,Monitor,Display,C136,1,288.04,288.04
2023-01-03,P004,Headphones,Audio,C115,5,120.11,600.53
2023-04-28,P008,Speaker,Audio,C108,5,157.1,785.52
2023-05-01,P001,Laptop,Electronics,C150,5,918.58,4592.88
2023-08-19,P002,Phone,Electronics,C038,1,715.18,715.18
2023-08-14,P004,Headphones,Audio,C151,5,117.93,589.66
2023-08-25,P002,Phone,Electronics,C002,2,683.32,1366.64
2023-09-06,P003,Tablet,Electronics,C067,1,400.77,400.77
2023-07-09,P004,Headphones,Audio,C055,2,132.61,265.21
2023-05-23,P006,Mouse,Accessories,C012,4,32.1,128.39
2023-02-18,P007,Monitor,Display,C173,2,302.37,604.75
2023-06-07,P003,Tablet,Electronics,C134,2,429.43,858.87
2023-12-02,P003,Tablet,Electronics,C143,4,425.49,1701.95
2023-06-12,P005,Keyboard,Accessories,C163,2,74.45,148.9
2023-07-25,P002,Phone,Electronics,C010,4,710.22,2840.86
2023-10-08,P001,Laptop,Electronics,C164,5,1072.39,5361.96
2023-09-27,P007,Monitor,Display,C054,1,306.36,306.36
2023-01-25,P006,Mouse,Accessories,C136,5,29.2,145.98
2023-01-25,P005,Keyboard,Accessories,C012,4,73.27,293.08
2023-05-08,P008,Speaker,Audio,C078,4,144.34,577.38
2023-05-26,P004,Headphones,Audio,C134,5,119.74,598.69
2023-12-15,P008,Speaker,Audio,C060,3,153.58,460.73
2023-10-14,P007,Monitor,Display,C162,3,303.86,911.57
2023-12-11,P002,Phone,Electronics,C178,2,697.83,1395.67
2023-02-25,P005,Keyboard,Accessories,C137,1,78.88,78.88
2023-05-29,P003,Tablet,Electronics,C115,1,422.61,422.61
2023-03-21,P007,Monitor,Display,C004,4,307.07,1228.29
2023-02-09,P007,Monitor,Display,C124,1,283.95,283.95
2023-08-09,P004,Headphones,Audio,C166,4,134.04,536.15
2023-06-27,P007,Monitor,Display,C062,5,323.19,1615.93
2023-01-07,P008,Speaker,Audio,C014,3,147.41,442.24
2023-08-17,P007,Monitor,Display,C183,5,316.15,1580.74
2023-03-03,P002,Phone,Electronics,C079,3,688.59,2065.77
2023-05-18,P005,Keyboard,Accessories,C133,2,75.03,150.05
2023-01-13,P001,Laptop,Electronics,C181,5,1066.85,5334.25
2023-06-22,P002,Phone,Electronics,C188,4,681.99,2727.95
2023-07-10,P003,Tablet,Electronics,C183,5,427.54,2137.69
2023-10-09,P005,Keyboard,Accessories,C112,4,85.82,343.3
2023-03-23,P004,Headphones,Audio,C180,3,126.76,380.29
2023-02-11,P005,Keyboard,Accessories,C113,5,87.29,436.44
2023-07-11,P001,Laptop,Electronics,C169,1,1031.73,1031.73
2023-05-10,P001,Laptop,Electronics,C097,4,915.27,3661.1
2023-08-30,P002,Phone,Electronics,C021,2,665.42,1330.84
2023-07-22,P004,Headphones,Audio,C200,2,127.04,254.07
2023-03-20,P001,Laptop,Electronics,C088,1,913.32,913.32
2023-03-10,P005,Keyboard,Accessories,C101,4,80.19,320.74
2023-11-29,P008,Speaker,Audio,C129,1,157.38,157.38
2023-06-01,P005,Keyboard,Accessories,C021,1,87.29,87.29
2023-11-10,P008,Speaker,Audio,C143,4,145.48,581.93
2023-01-28,P003,Tablet,Electronics,C005,3,373.92,1121.76
2023-12-16,P005,Keyboard,Accessories,C112,2,72.33,144.65
2023-12-03,P004,Headphones,Audio,C178,1,142.36,142.36
2023-02-18,P003,Tablet,Electronics,C078,4,409.19,1636.76
2023-06-18,P001,Laptop,Electronics,C190,1,1006.05,1006.05
2023-09-23,P007,Monitor,Display,C091,5,277.5,1387.52
2023-09-15,P008,Speaker,Audio,C095,5,152.46,762.31
2023-10-15,P008,Speaker,Audio,C010,4,139.69,558.76
2023-09-30,P007,Monitor,Display,C153,2,283.47,566.93
2023-11-11,P008,Speaker,Audio,C114,4,146.65,586.6
2023-08-01,P006,Mouse,Accessories,C174,4,28.18,112.7
2023-05-02,P001,Laptop,Electronics,C175,1,951.68,951.68
2023-05-29,P002,Phone,Electronics,C126,5,660.94,3304.7
2023-10-29,P008,Speaker,Audio,C086,4,136.61,546.43
2023-08-23,P006,Mouse,Accessories,C029,1,32.61,32.61
2023-09-15,P005,Keyboard,Accessories,C180,5,82.95,414.77
2023-02-19,P003,Tablet,Electronics,C044,3,372.04,1116.13
2023-10-05,P005,Keyboard,Accessories,C097,3,84.12,252.36
2023-01-03,P008,Speaker,Audio,C030,3,139.54,418.61
2023-04-18,P007,Monitor,Display,C111,1,315.66,315.66
2023-12-28,P008,Speaker,Audio,C129,2,135.27,270.54
2023-09-18,P004,Headphones,Audio,C104,3,142.78,428.33
2023-08-12,P003,Tablet,Electronics,C010,2,412.59,825.19
2023-10-29,P005,Keyboard,Accessories,C169,3,75.0,225.0
2023-01-13,P008,Speaker,Audio,C086,1,151.62,151.62
2023-03-31,P002,Phone,Electronics,C014,2,634.93,1269.87
2023-01-20,P001,Laptop,Electronics,C070,3,1051.24,3153.73
2023-07-30,P008,Speaker,Audio,C111,5,138.73,693.66
2023-05-12,P005,Keyboard,Accessories,C154,4,84.48,337.9
2023-08-18,P005,Keyboard,Accessories,C103,5,72.02,360.11
2023-07-21,P005,Keyboard,Accessories,C173,4,74.89,299.57
2023-09-30,P004,Headphones,Audio,C003,4,130.25,521.01
2023-08-17,P008,Speaker,Audio,C132,2,151.83,303.67
2023-09-11,P008,Speaker,Audio,C147,2,152.97,305.94
2023-07-07,P007,Monitor,Display,C063,4,289.32,1157.27
2023-07-30,P006,Mouse,Accessories,C058,5,31.47,157.33
2023-04-27,P006,Mouse,Accessories,C176,4,30.09,120.37
2023-08-16,P005,Keyboard,Accessories,C146,1,78.93,78.93
2023-04-26,P007,Monitor,Display,C047,1,305.88,305.88
2023-11-09,P003,Tablet,Electronics,C161,4,383.95,1535.78
2023-07-17,P001,Laptop,Electronics,C047,4,999.22,3996.89
2023-07-17,P003,Tablet,Electronics,C137,4,390.7,1562.79
2023-11-21,P002,Phone,Electronics,C138,1,709.17,709.17
2023-09-16,P002,Phone,Electronics,C094,5,728.02,3640.12
2023-04-28,P006,Mouse,Accessories,C109,5,31.18,155.88
2023-09-02,P003,Tablet,Electronics,C046,3,380.73,1142.2
2023-03-10,P002,Phone,Electronics,C049,5,694.63,3473.16
2023-03-15,P005,Keyboard,Accessories,C090,5,83.29,416.43
2023-05-06,P004,Headphones,Audio,C024,2,140.63,281.27
2023-04-10,P001,Laptop,Electronics,C060,1,931.77,931.77
2023-07-07,P004,Headphones,Audio,C152,1,136.53,136.53
2023-02-05,P001,Laptop,Electronics,C108,5,913.78,4568.91
2023-12-08,P002,Phone,Electronics,C183,4,668.59,2674.36
2023-09-27,P004,Headphones,Audio,C182,2,124.06,248.12
2023-04-16,P007,Monitor,Display,C044,1,316.59,316.59
2023-10-28,P001,Laptop,Electronics,C084,4,906.71,3626.85
2023-09-07,P002,Phone,Electronics,C196,3,649.49,1948.46
2023-01-07,P002,Phone,Electronics,C148,2,732.53,1465.06
2023-05-23,P008,Speaker,Audio,C120,5,136.56,682.79
2023-05-22,P008,Speaker,Audio,C021,1,149.82,149.82
2023-03-10,P002,Phone,Electronics,C165,3,731.51,2194.53
2023-11-01,P008,Speaker,Audio,C085,3,144.25,432.75
2023-06-10,P008,Speaker,Audio,C127,2,156.59,313.18
2023-11-23,P002,Phone,Electronics,C061,1,703.26,703.26
2023-12-20,P005,Keyboard,Accessories,C169,4,83.55,334.22
2023-03-27,P007,Monitor,Display,C198,1,302.6,302.6
2023-07-17,P006,Mouse,Accessories,C085,2,29.9,59.8
2023-01-02,P005,Keyboard,Accessories,C098,1,82.69,82.69
2023-05-05,P008,Speaker,Audio,C168,4,136.86,547.44
2023-02-28,P006,Mouse,Accessories,C063,2,32.86,65.71
2023-02-01,P001,Laptop,Electronics,C127,5,932.93,4664.66
2023-08-02,P004,Headphones,Audio,C116,5,134.14,670.7
2023-09-27,P004,Headphones,Audio,C168,3,141.6,424.81
2023-10-11,P002,Phone,Electronics,C066,2,708.11,1416.21
2023-09-05,P001,Laptop,Electronics,C097,3,1081.83,3245.5
2023-08-15,P002,Phone,Electronics,C123,4,693.23,2772.91
2023-07-16,P002,Phone,Electronics,C012,3,657.38,1972.13
2023-01-08,P002,Phone,Electronics,C164,4,740.99,2963.96
2023-03-26,P005,Keyboard,Accessories,C176,1,78.33,78.33
2023-04-14,P006,Mouse,Accessories,C198,2,27.94,55.88
2023-09-20,P004,Headphones,Audio,C027,3,126.43,379.29
2023-12-29,P002,Phone,Electronics,C008,1,713.73,713.73
2023-06-25,P005,Keyboard,Accessories,C198,3,77.0,231.0
2023-09-03,P006,Mouse,Accessories,C012,3,32.28,96.85
2023-10-29,P003,Tablet,Electronics,C119,1,393.41,393.41
2023-01-21,P005,Keyboard,Accessories,C156,5,77.16,385.79
2023-08-11,P006,Mouse,Accessories,C027,3,27.96,83.89
2023-01-25,P005,Keyboard,Accessories,C025,3,80.43,241.29
2023-06-03,P004,Headphones,Audio,C009,5,142.3,711.49
2023-05-14,P004,Headphones,Audio,C121,3,136.74,410.22
2023-12-30,P003,Tablet,Electronics,C131,4,385.12,1540.46
2023-10-13,P004,Headphones,Audio,C156,2,123.34,246.69
2023-08-06,P008,Speaker,Audio,C180,1,142.19,142.19
2023-02-10,P002,Phone,Electronics,C058,3,693.04,2079.12
2023-10-06,P003,Tablet,Electronics,C139,1,427.31,427.31
2023-09-28,P006,Mouse,Accessories,C125,3,30.79,92.38
2023-03-07,P008,Speaker,Audio,C156,3,155.58,466.74
2023-07-20,P007,Monitor,Display,C200,4,283.62,1134.49
2023-12-09,P007,Monitor,Display,C153,3,311.64,934.92
2023-10-21,P007,Monitor,Display,C117,5,271.98,1359.91
2023-10-29,P005,Keyboard,Accessories,C145,4,87.0,348.01
2023-12-21,P007,Monitor,Display,C115,4,309.89,1239.56
2023-05-14,P001,Laptop,Electronics,C187,3,900.03,2700.09
2023-12-20,P003,Tablet,Electronics,C190,4,390.52,1562.08
2023-05-27,P003,Tablet,Electronics,C025,3,393.79,1181.38
2023-12-10,P008,Speaker,Audio,C150,2,163.98,327.95
2023-03-24,P008,Speaker,Audio,C019,3,159.77,479.31
2023-10-11,P001,Laptop,Electronics,C063,4,1096.35,4385.4
2023-09-08,P001,Laptop,Electronics,C019,4,1065.87,4263.47
2023-04-30,P007,Monitor,Display,C168,5,302.43,1512.16
2023-10-13,P001,Laptop,Electronics,C120,1,902.47,902.47
2023-03-30,P004,Headphones,Audio,C187,3,118.92,356.76
2023-08-10,P006,Mouse,Accessories,C068,1,27.28,27.28
2023-09-21,P004,Headphones,Audio,C110,2,134.35,268.71
2023-04-30,P006,Mouse,Accessories,C176,5,32.02,160.09
2023-09-25,P006,Mouse,Accessories,C050,3,28.6,85.79
2023-09-12,P005,Keyboard,Accessories,C020,5,73.01,365.05
2023-06-21,P005,Keyboard,Accessories,C189,1,83.79,83.79
2023-11-20,P001,Laptop,Electronics,C065,3,1065.85,3197.54
2023-10-28,P008,Speaker,Audio,C174,4,162.31,649.24
2023-01-15,P007,Monitor,Display,C052,1,290.44,290.44
2023-08-20,P005,Keyboard,Accessories,C020,5,82.09,410.45
2023-06-06,P001,Laptop,Electronics,C199,3,947.48,2842.43
2023-01-28,P004,Headphones,Audio,C173,4,126.99,507.95
2023-12-08,P003,Tablet,Electronics,C162,4,436.03,1744.13
2023-12-27,P003,Tablet,Electronics,C166,1,381.51,381.51
2023-08-02,P006,Mouse,Accessories,C061,1,27.01,27.01
2023-09-19,P004,Headphones,Audio,C124,2,140.58,281.16
2023-04-03,P002,Phone,Electronics,C168,5,697.48,3487.38
2023-10-18,P006,Mouse,Accessories,C177,5,29.84,149.18
2023-07-08,P005,Keyboard,Accessories,C190,1,72.11,72.11
2023-02-12,P008,Speaker,Audio,C090,4,138.23,552.93
2023-12-07,P007,Monitor,Display,C062,5,304.31,1521.56
2023-12-29,P002,Phone,Electronics,C037,1,685.57,685.57
2023-02-10,P001,Laptop,Electronics,C051,1,922.76,922.76
2023-07-02,P003,Tablet,Electronics,C192,1,362.36,362.36
2023-05-27,P003,Tablet,Electronics,C046,3,370.51,1111.53
2023-01-01,P005,Keyboard,Accessories,C072,4,83.67,334.67
2023-04-19,P008,Speaker,Audio,C161,4,155.23,620.91
2023-03-31,P005,Keyboard,Accessories,C008,4,85.13,340.51
2023-12-13,P001,Laptop,Electronics,C177,5,1065.91,5329.53
2023-12-06,P007,Monitor,Display,C068,2,285.39,570.78
2023-06-10,P006,Mouse,Accessories,C147,4,29.2,116.82
2023-03-25,P007,Monitor,Display,C122,1,274.25,274.25
2023-05-23,P003,Tablet,Electronics,C191,1,435.33,435.33
2023-04-15,P005,Keyboard,Accessories,C075,2,77.78,155.56
2023-09-23,P005,Keyboard,Accessories,C121,2,74.21,148.43
2023-01-28,P007,Monitor,Display,C155,3,313.43,940.28
2023-01-02,P005,Keyboard,Accessories,C144,5,73.05,365.27
2023-10-23,P006,Mouse,Accessories,C012,2,27.06,54.12
2023-08-23,P003,Tablet,Electronics,C101,1,366.74,366.74
2023-03-03,P005,Keyboard,Accessories,C153,1,75.45,75.45
2023-10-21,P007,Monitor,Display,C107,4,293.23,1172.94
2023-04-09,P002,Phone,Electronics,C181,5,668.54,3342.72
2023-05-02,P006,Mouse,Accessories,C032,4,28.35,113.39
2023-07-14,P003,Tablet,Electronics,C041,4,406.33,1625.32
2023-01-23,P007,Monitor,Display,C057,3,304.92,914.77
2023-04-10,P006,Mouse,Accessories,C167,4,31.12,124.48
2023-06-05,P002,Phone,Electronics,C165,5,720.39,3601.97
2023-11-17,P008,Speaker,Audio,C019,1,163.39,163.39
2023-07-21,P005,Keyboard,Accessories,C163,4,78.05,312.21
2023-05-06,P003,Tablet,Electronics,C038,3,384.89,1154.66
2023-11-21,P008,Speaker,Audio,C184,2,160.24,320.48
2023-11-17,P004,Headphones,Audio,C178,4,121.34,485.37
2023-12-10,P005,Keyboard,Accessories,C045,3,80.5,241.5
2023-06-03,P004,Headphones,Audio,C107,3,122.42,367.26
2023-08-22,P008,Speaker,Audio,C059,3,135.69,407.07
2023-09-02,P005,Keyboard,Accessories,C125,2,86.39,172.78
2023-06-19,P005,Keyboard,Accessories,C087,4,77.01,308.06
2023-07-15,P006,Mouse,Accessories,C113,2,31.95,63.9
2023-03-18,P005,Keyboard,Accessories,C145,3,87.37,262.1
2023-08-12,P005,Keyboard,Accessories,C049,4,87.67,350.68
2023-06-11,P005,Keyboard,Accessories,C123,5,84.18,420.9
2023-02-11,P007,Monitor,Display,C051,2,285.55,571.1
2023-12-07,P002,Phone,Electronics,C139,4,662.9,2651.58
2023-11-20,P007,Monitor,Display,C191,3,279.91,839.72
2023-05-05,P008,Speaker,Audio,C098,3,139.51,418.52
2023-09-30,P003,Tablet,Electronics,C104,3,430.41,1291.24
2023-09-06,P006,Mouse,Accessories,C085,2,29.76,59.52
2023-10-11,P008,Speaker,Audio,C164,5,149.26,746.28
2023-05-27,P006,Mouse,Accessories,C011,3,32.45,97.34
2023-06-22,P006,Mouse,Accessories,C139,4,27.22,108.88
2023-01-05,P007,Monitor,Display,C169,1,310.83,310.83
2023-01-12,P006,Mouse,Accessories,C154,1,32.68,32.68
2023-04-18,P008,Speaker,Audio,C070,4,157.63,630.51
2023-07-02,P007,Monitor,Display,C075,2,299.48,598.95
2023-08-04,P001,Laptop,Electronics,C179,3,1002.25,3006.74
2023-08-07,P005,Keyboard,Accessories,C175,2,79.09,158.17
2023-08-27,P007,Monitor,Display,C163,4,318.38,1273.54
2023-11-25,P008,Speaker,Audio,C081,4,135.09,540.34
2023-08-13,P001,Laptop,Electronics,C067,3,962.37,2887.11
2023-11-21,P003,Tablet,Electronics,C189,5,437.71,2188.56
2023-07-27,P007,Monitor,Display,C093,2,298.6,597.2
2023-06-20,P006,Mouse,Accessories,C042,3,31.14,93.43
2023-05-06,P008,Speaker,Audio,C194,5,145.75,728.76
2023-06-01,P001,Laptop,Electronics,C057,3,942.13,2826.39
2023-10-30,P006,Mouse,Accessories,C008,3,32.98,98.93
2023-04-23,P002,Phone,Electronics,C025,3,733.29,2199.87
2023-01-01,P005,Keyboard,Accessories,C136,5,72.08,360.41
2023-07-07,P005,Keyboard,Accessories,C164,1,84.25,84.25
2023-07-13,P003,Tablet,Electronics,C128,1,417.84,417.84
2023-12-24,P004,Headphones,Audio,C003,3,126.06,378.18
2023-07-07,P006,Mouse,Accessories,C034,5,32.68,163.38
2023-03-02,P005,Keyboard,Accessories,C016,3,80.35,241.05
2023-05-25,P002,Phone,Electronics,C144,2,741.22,1482.44
2023-07-07,P006,Mouse,Accessories,C013,2,27.43,54.86
2023-04-21,P008,Speaker,Audio,C195,4,160.89,643.57
2023-08-03,P008,Speaker,Audio,C053,3,135.65,406.96
2023-11-17,P007,Monitor,Display,C181,1,308.42,308.42
2023-01-21,P005,Keyboard,Accessories,C057,3,77.72,233.15
2023-08-02,P001,Laptop,Electronics,C032,1,1043.95,1043.95
2023-03-15,P006,Mouse,Accessories,C054,2,31.92,63.84
2023-05-28,P004,Headphones,Audio,C156,2,123.28,246.56
2023-02-22,P006,Mouse,Accessories,C008,4,27.85,111.39
2023-01-12,P002,Phone,Electronics,C098,2,648.73,1297.45
2023-03-16,P007,Monitor,Display,C079,1,314.91,314.91
2023-08-29,P001,Laptop,Electronics,C018,2,1056.59,2113.19
2023-08-02,P008,Speaker,Audio,C050,1,136.87,136.87
2023-11-21,P008,Speaker,Audio,C157,4,157.22,628.87
2023-05-19,P004,Headphones,Audio,C147,1,126.36,126.36
2023-06-11,P001,Laptop,Electronics,C082,4,1014.35,4057.41
2023-11-03,P007,Monitor,Display,C198,5,295.33,1476.67
2023-02-25,P008,Speaker,Audio,C145,4,155.24,620.98
2023-08-06,P002,Phone,Electronics,C120,5,684.26,3421.31
2023-06-24,P007,Monitor,Display,C013,5,312.77,1563.86
2023-01-24,P005,Keyboard,Accessories,C196,4,74.06,296.26
2023-10-08,P007,Monitor,Display,C140,1,276.31,276.31
2023-10-25,P005,Keyboard,Accessories,C048,1,77.75,77.75
2023-01-28,P007,Monitor,Display,C146,1,298.55,298.55
2023-08-15,P008,Speaker,Audio,C199,4,135.08,540.31
2023-01-13,P001,Laptop,Electronics,C100,2,1010.4,2020.81
2023-01-16,P007,Monitor,Display,C054,1,309.43,309.43
2023-04-10,P008,Speaker,Audio,C162,5,157.61,788.05
2023-08-04,P001,Laptop,Electronics,C028,4,1047.71,4190.84
2023-05-29,P006,Mouse,Accessories,C182,4,31.27,125.08
2023-12-22,P001,Laptop,Electronics,C013,5,957.47,4787.36
2023-02-18,P001,Laptop,Electronics,C047,2,1008.75,2017.5
2023-03-15,P005,Keyboard,Accessories,C024,5,78.06,390.28
2023-12-03,P002,Phone,Electronics,C163,4,762.83,3051.31
2023-04-21,P001,Laptop,Electronics,C116,1,1081.2,1081.2
2023-01-29,P008,Speaker,Audio,C122,3,161.32,483.96
2023-12-12,P004,Headphones,Audio,C156,1,125.1,125.1
2023-06-24,P008,Speaker,Audio,C186,1,150.63,150.63
2023-10-10,P004,Headphones,Audio,C175,5,118.98,594.88
2023-08-21,P006,Mouse,Accessories,C135,2,28.08,56.16
2023-08-12,P008,Speaker,Audio,C055,5,145.24,726.22
2023-01-07,P002,Phone,Electronics,C012,4,719.85,2879.4
2023-07-27,P008,Speaker,Audio,C135,3,154.88,464.64
2023-04-21,P004,Headphones,Audio,C075,3,117.6,352.81
2023-08-13,P008,Speaker,Audio,C045,1,143.72,143.72
2023-02-28,P006,Mouse,Accessories,C157,4,32.39,129.54
2023-06-06,P001,Laptop,Electronics,C079,2,1020.65,2041.3
2023-08-06,P004,Headphones,Audio,C137,4,141.89,567.57
2023-05-13,P007,Monitor,Display,C143,4,302.66,1210.64
2023-01-28,P008,Speaker,Audio,C090,1,141.14,141.14
2023-07-18,P004,Headphones,Audio,C025,2,140.29,280.57
2023-10-28,P002,Phone,Electronics,C181,3,650.57,1951.7
2023-12-26,P008,Speaker,Audio,C156,4,146.64,586.54
2023-11-17,P003,Tablet,Electronics,C102,1,435.78,435.78
2023-07-07,P008,Speaker,Audio,C174,1,161.69,161.69
2023-10-09,P002,Phone,Electronics,C084,1,760.27,760.27
2023-12-27,P004,Headphones,Audio,C161,3,118.15,354.45
2023-08-14,P002,Phone,Electronics,C046,5,762.86,3814.3
2023-10-21,P005,Keyboard,Accessories,C046,2,80.74,161.48
2023-08-11,P005,Keyboard,Accessories,C093,3,74.64,223.93
2023-08-23,P008,Speaker,Audio,C075,4,160.3,641.2
2023-02-19,P005,Keyboard,Accessories,C070,3,78.26,234.78
2023-09-29,P001,Laptop,Electronics,C048,4,1090.28,4361.1
2023-11-16,P008,Speaker,Audio,C076,3,164.42,493.27
2023-12-23,P003,Tablet,Electronics,C055,1,433.54,433.54
2023-06-03,P006,Mouse,Accessories,C029,4,31.97,127.86
2023-05-05,P003,Tablet,Electronics,C043,2,415.85,831.71
2023-12-02,P005,Keyboard,Accessories,C008,2,87.46,174.92
2023-12-28,P005,Keyboard,Accessories,C065,4,75.95,303.79
2023-02-08,P003,Tablet,Electronics,C088,1,373.01,373.01
2023-12-08,P002,Phone,Electronics,C137,5,699.84,3499.18
2023-03-15,P005,Keyboard,Accessories,C156,4,77.7,310.81
2023-09-12,P002,Phone,Electronics,C170,3,636.44,1909.32
2023-12-26,P004,Headphones,Audio,C176,2,130.37,260.74
2023-10-05,P003,Tablet,Electronics,C093,5,379.66,1898.28
2023-12-30,P003,Tablet,Electronics,C009,5,360.03,1800.13
2023-09-05,P006,Mouse,Accessories,C129,3,32.72,98.15
2023-03-30,P008,Speaker,Audio,C067,5,149.44,747.18
2023-04-27,P004,Headphones,Audio,C103,3,118.49,355.47
2023-12-12,P003,Tablet,Electronics,C116,1,422.99,422.99
2023-06-30,P005,Keyboard,Accessories,C193,3,78.64,235.92
2023-09-14,P002,Phone,Electronics,C148,2,752.82,1505.64
2023-12-09,P004,Headphones,Audio,C041,2,138.82,277.65
2023-07-12,P001,Laptop,Electronics,C169,1,929.63,929.63
2023-03-09,P005,Keyboard,Accessories,C056,5,83.5,417.48
2023-05-29,P003,Tablet,Electronics,C115,3,386.1,1158.29
2023-04-19,P003,Tablet,Electronics,C071,4,394.4,1577.59
2023-02-09,P002,Phone,Electronics,C132,5,688.71,3443.56
2023-12-28,P007,Monitor,Display,C116,4,299.84,1199.37
2023-08-09,P005,Keyboard,Accessories,C112,1,76.72,76.72
2023-02-15,P007,Monitor,Display,C068,4,308.15,1232.61
2023-09-28,P002,Phone,Electronics,C195,3,700.96,2102.88
2023-10-07,P007,Monitor,Display,C189,3,320.14,960.42
2023-01-24,P004,Headphones,Audio,C034,2,138.43,276.87
2023-06-30,P001,Laptop,Electronics,C069,4,985.04,3940.14
2023-09-11,P007,Monitor,Display,C057,5,315.92,1579.61
2023-09-06,P005,Keyboard,Accessories,C101,4,80.35,321.4
2023-05-18,P001,Laptop,Electronics,C003,5,960.78,4803.89
2023-06-28,P008,Speaker,Audio,C038,4,163.99,655.98
2023-08-27,P003,Tablet,Electronics,C087,1,427.86,427.86
2023-11-02,P002,Phone,Electronics,C155,5,729.76,3648.78
2023-07-25,P003,Tablet,Electronics,C123,1,389.67,389.67
2023-08-16,P007,Monitor,Display,C200,5,302.54,1512.69
2023-09-29,P001,Laptop,Electronics,C170,3,982.88,2948.65
2023-02-01,P002,Phone,Electronics,C009,3,667.65,2002.96
2023-05-19,P001,Laptop,Electronics,C017,2,996.36,1992.73
2023-02-17,P004,Headphones,Audio,C123,4,133.43,533.7
2023-12-23,P005,Keyboard,Accessories,C051,1,80.21,80.21
2023-03-22,P004,Headphones,Audio,C194,1,128.66,128.66
2023-09-28,P008,Speaker,Audio,C151,3,159.09,477.28
2023-06-16,P002,Phone,Electronics,C081,5,750.63,3753.13
2023-09-08,P002,Phone,Electronics,C141,1,657.32,657.32
2023-09-19,P006,Mouse,Accessories,C003,4,32.86,131.44
2023-03-04,P001,Laptop,Electronics,C175,1,1045.4,1045.4
2023-07-02,P005,Keyboard,Accessories,C015,1,76.98,76.98
2023-02-01,P004,Headphones,Audio,C083,4,126.98,507.93
2023-03-19,P003,Tablet,Electronics,C162,2,409.26,818.53
2023-09-04,P005,Keyboard,Accessories,C157,4,80.93,323.73
2023-06-17,P003,Tablet,Electronics,C197,3,394.36,1183.07
2023-12-02,P003,Tablet,Electronics,C190,5,436.91,2184.55
2023-05-27,P003,Tablet,Electronics,C043,4,378.13,1512.51
2023-03-30,P002,Phone,Electronics,C172,4,724.79,2899.16
2023-01-02,P007,Monitor,Display,C072,3,300.08,900.24
2023-07-25,P007,Monitor,Display,C083,3,321.03,963.09
2023-07-29,P003,Tablet,Electronics,C124,4,413.91,1655.64
2023-04-23,P001,Laptop,Electronics,C075,4,957.52,3830.07
2023-10-10,P005,Keyboard,Accessories,C097,4,81.93,327.72
2023-02-26,P005,Keyboard,Accessories,C118,4,78.46,313.85
2023-02-28,P008,Speaker,Audio,C112,1,143.56,143.56
2023-01-19,P001,Laptop,Electronics,C047,5,914.41,4572.07
2023-10-16,P007,Monitor,Display,C135,5,317.08,1585.41
2023-08-03,P007,Monitor,Display,C148,3,317.11,951.32
2023-10-07,P005,Keyboard,Accessories,C105,2,87.05,174.1
2023-08-06,P001,Laptop,Electronics,C066,5,1095.41,5477.05
2023-02-27,P006,Mouse,Accessories,C169,5,32.86,164.31
2023-03-23,P005,Keyboard,Accessories,C177,2,81.3,162.61
2023-06-26,P003,Tablet,Electronics,C131,4,365.91,1463.66
2023-04-08,P002,Phone,Electronics,C002,1,733.61,733.61
2023-10-07,P004,Headphones,Audio,C154,2,134.92,269.85
2023-10-22,P003,Tablet,Electronics,C020,3,366.04,1098.11
2023-02-10,P003,Tablet,Electronics,C084,4,407.91,1631.65
2023-11-18,P003,Tablet,Electronics,C067,5,361.2,1806.0
2023-07-26,P006,Mouse,Accessories,C096,3,31.05,93.14
2023-11-22,P008,Speaker,Audio,C059,1,150.76,150.76
2023-09-15,P004,Headphones,Audio,C083,5,121.52,607.58
2023-09-23,P002,Phone,Electronics,C150,5,762.25,3811.26
2023-02-17,P003,Tablet,Electronics,C022,5,376.2,1881.01
2023-04-08,P004,Headphones,Audio,C193,1,118.3,118.3
2023-10-28,P001,Laptop,Electronics,C137,4,1087.24,4348.97
2023-03-24,P004,Headphones,Audio,C073,1,122.72,122.72
2023-02-15,P005,Keyboard,Accessories,C006,2,83.82,167.64
2023-06-15,P008,Speaker,Audio,C027,1,149.93,149.93
2023-06-27,P006,Mouse,Accessories,C085,3,32.33,96.99
2023-09-28,P007,Monitor,Display,C073,4,296.05,1184.22
2023-09-05,P003,Tablet,Electronics,C121,4,409.05,1636.21
2023-06-19,P001,Laptop,Electronics,C168,2,1042.8,2085.6
2023-09-02,P007,Monitor,Display,C063,4,270.82,1083.26
2023-03-10,P001,Laptop,Electronics,C040,3,949.5,2848.51
2023-03-02,P003,Tablet,Electronics,C058,2,418.61,837.22
2023-11-27,P001,Laptop,Electronics,C138,2,974.43,1948.86
2023-02-07,P002,Phone,Electronics,C063,3,699.08,2097.24
2023-06-23,P005,Keyboard,Accessories,C065,3,81.86,245.57
2023-04-01,P007,Monitor,Display,C073,3,316.23,948.7
2023-04-17,P005,Keyboard,Accessories,C188,1,77.33,77.33
2023-12-19,P004,Headphones,Audio,C056,5,134.32,671.59
2023-12-07,P003,Tablet,Electronics,C107,2,410.41,820.82
2023-07-07,P003,Tablet,Electronics,C114,2,399.94,799.89
2023-04-17,P004,Headphones,Audio,C018,5,137.37,686.87
2023-03-04,P002,Phone,Electronics,C004,3,713.83,2141.48
2023-09-13,P006,Mouse,Accessories,C088,5,29.81,149.04
2023-07-26,P004,Headphones,Audio,C166,1,136.86,136.86
2023-05-01,P002,Phone,Electronics,C085,1,759.35,759.35
2023-05-13,P008,Speaker,Audio,C021,1,140.56,140.56
2023-04-19,P002,Phone,Electronics,C196,4,692.46,2769.83
2023-05-09,P005,Keyboard,Accessories,C027,4,86.78,347.13
2023-08-22,P008,Speaker,Audio,C063,1,145.7,145.7
2023-02-21,P002,Phone,Electronics,C046,1,745.93,745.93
2023-02-24,P008,Speaker,Audio,C177,5,144.79,723.96
2023-11-10,P002,Phone,Electronics,C061,1,674.6,674.6
2023-01-06,P001,Laptop,Electronics,C039,3,1065.76,3197.29
2023-04-28,P006,Mouse,Accessories,C076,5,31.05,155.26
2023-11-09,P007,Monitor,Display,C165,1,279.61,279.61
2023-05-21,P007,Monitor,Display,C151,4,283.77,1135.07
2023-09-04,P005,Keyboard,Accessories,C134,5,83.49,417.45
2023-01-18,P004,Headphones,Audio,C126,1,125.97,125.97
2023-05-02,P003,Tablet,Electronics,C115,2,410.76,821.52
2023-06-11,P004,Headphones,Audio,C011,1,122.5,122.5
2023-06-16,P006,Mouse,Accessories,C126,3,29.0,87.01
2023-06-01,P004,Headphones,Audio,C175,3,131.47,394.41
2023-01-19,P001,Laptop,Electronics,C175,3,1039.28,3117.83
2023-12-20,P002,Phone,Electronics,C129,3,706.53,2119.58
2023-04-03,P002,Phone,Electronics,C064,5,727.52,3637.59
2023-10-22,P005,Keyboard,Accessories,C013,2,80.19,160.37
2023-10-09,P005,Keyboard,Accessories,C058,1,82.85,82.85
2023-04-13,P001,Laptop,Electronics,C062,5,1055.29,5276.44
2023-06-20,P001,Laptop,Electronics,C131,1,1034.64,1034.64
2023-01-29,P007,Monitor,Display,C026,5,283.3,1416.52
2023-05-24,P004,Headphones,Audio,C073,1,136.0,136.0
2023-11-08,P008,Speaker,Audio,C086,1,148.94,148.94
2023-12-30,P008,Speaker,Audio,C199,3,143.56,430.67
2023-12-05,P006,Mouse,Accessories,C173,3,32.12,96.36
2023-05-19,P007,Monitor,Display,C057,5,294.57,1472.87
2023-05-26,P008,Speaker,Audio,C194,3,143.42,430.25
2023-05-16,P008,Speaker,Audio,C104,4,140.44,561.77
2023-12-01,P004,Headphones,Audio,C049,4,131.18,524.7
2023-03-23,P005,Keyboard,Accessories,C079,2,80.2,160.41
2023-08-09,P004,Headphones,Audio,C067,3,118.1,354.31
2023-01-03,P003,Tablet,Electronics,C132,3,416.52,1249.56
2023-03-01,P003,Tablet,Electronics,C107,4,363.62,1454.47
2023-12-13,P008,Speaker,Audio,C049,3,159.93,479.79
2023-12-14,P001,Laptop,Electronics,C048,4,919.07,3676.26
2023-05-16,P001,Laptop,Electronics,C101,1,1016.73,1016.73
2023-11-14,P008,Speaker,Audio,C099,2,157.74,315.49
2023-07-30,P005,Keyboard,Accessories,C071,4,83.87,335.46
2023-09-22,P004,Headphones,Audio,C186,4,127.15,508.6
2023-08-03,P001,Laptop,Electronics,C090,3,986.62,2959.87
2023-09-02,P004,Headphones,Audio,C189,2,124.97,249.94
2023-09-24,P005,Keyboard,Accessories,C187,3,74.96,224.87
2023-04-04,P002,Phone,Electronics,C139,4,731.4,2925.59
2023-12-02,P007,Monitor,Display,C178,1,305.07,305.07
2023-12-12,P004,Headphones,Audio,C113,2,141.91,283.82
2023-03-03,P008,Speaker,Audio,C166,1,142.91,142.91
2023-08-10,P003,Tablet,Electronics,C173,5,385.95,1929.76
2023-06-05,P008,Speaker,Audio,C013,5,155.83,779.14
2023-12-22,P003,Tablet,Electronics,C132,2,412.95,825.89
2023-10-06,P008,Speaker,Audio,C084,4,158.2,632.8
2023-06-10,P004,Headphones,Audio,C165,4,122.64,490.55
2023-01-22,P007,Monitor,Display,C163,5,322.74,1613.7
2023-01-05,P007,Monitor,Display,C178,4,272.33,1089.32
2023-08-05,P008,Speaker,Audio,C157,3,150.42,451.25
2023-04-14,P007,Monitor,Display,C002,5,319.51,1597.57
2023-11-27,P008,Speaker,Audio,C038,1,152.29,152.29
2023-01-27,P008,Speaker,Audio,C189,4,162.08,648.33
2023-04-01,P007,Monitor,Display,C109,5,321.47,1607.35
2023-06-12,P003,Tablet,Electronics,C035,5,385.44,1927.19
2023-07-06,P004,Headphones,Audio,C158,5,137.37,686.83
2023-10-31,P007,Monitor,Display,C166,5,283.91,1419.56
2023-04-24,P007,Monitor,Display,C160,1,315.73,315.73
2023-07-26,P007,Monitor,Display,C003,3,270.31,810.94
2023-07-16,P008,Speaker,Audio,C083,5,147.06,735.3
2023-03-09,P001,Laptop,Electronics,C019,5,1027.65,5138.27
2023-03-15,P003,Tablet,Electronics,C020,5,391.13,1955.64
2023-07-30,P008,Speaker,Audio,C183,3,162.86,488.59
2023-07-16,P004,Headphones,Audio,C149,3,129.19,387.57
2023-02-19,P004,Headphones,Audio,C170,4,139.38,557.51
2023-06-15,P004,Headphones,Audio,C032,1,130.09,130.09
2023-07-08,P003,Tablet,Electronics,C182,2,388.98,777.97
2023-03-16,P002,Phone,Electronics,C087,5,718.42,3592.1
2023-02-28,P001,Laptop,Electronics,C150,1,1029.72,1029.72
2023-11-17,P003,Tablet,Electronics,C104,4,393.1,1572.39
2023-08-02,P004,Headphones,Audio,C093,2,134.35,268.7
2023-05-22,P006,Mouse,Accessories,C112,2,27.11,54.21
2023-02-28,P001,Laptop,Electronics,C040,3,990.71,2972.12
2023-01-20,P006,Mouse,Accessories,C090,3,30.82,92.47
2023-01-13,P006,Mouse,Accessories,C177,5,30.5,152.48
2023-11-18,P006,Mouse,Accessories,C075,4,27.46,109.85
2023-12-30,P008,Speaker,Audio,C008,3,136.55,409.65
2023-10-23,P005,Keyboard,Accessories,C128,2,73.34,146.69
2023-04-26,P004,Headphones,Audio,C045,3,122.48,367.45
2023-08-27,P003,Tablet,Electronics,C088,3,418.98,1256.95
2023-03-14,P008,Speaker,Audio,C037,3,141.01,423.02
2023-08-27,P002,Phone,Electronics,C095,1,695.09,695.09
2023-08-10,P005,Keyboard,Accessories,C053,4,77.55,310.2
2023-09-25,P007,Monitor,Display,C042,1,310.15,310.15
2023-01-11,P006,Mouse,Accessories,C108,2,27.42,54.83
2023-10-17,P002,Phone,Electronics,C102,3,695.67,2087.0
2023-02-21,P008,Speaker,Audio,C037,5,150.89,754.43
2023-10-23,P006,Mouse,Accessories,C104,4,28.66,114.64
2023-04-20,P003,Tablet,Electronics,C060,5,378.59,1892.96
2023-02-08,P002,Phone,Electronics,C125,4,679.74,2718.94
2023-02-05,P005,Keyboard,Accessories,C004,5,74.71,373.56
2023-12-04,P007,Monitor,Display,C011,2,319.75,639.5
2023-10-29,P004,Headphones,Audio,C010,5,129.43,647.15
2023-05-08,P008,Speaker,Audio,C060,3,135.09,405.26
2023-12-09,P006,Mouse,Accessories,C057,1,29.64,29.64
2023-04-16,P007,Monitor,Display,C009,5,295.11,1475.53
2023-03-30,P006,Mouse,Accessories,C168,2,30.99,61.99
2023-04-16,P001,Laptop,Electronics,C137,5,1097.88,5489.4
2023-05-28,P008,Speaker,Audio,C082,2,140.85,281.69
2023-07-27,P005,Keyboard,Accessories,C172,1,79.87,79.87
2023-07-30,P006,Mouse,Accessories,C048,4,29.16,116.63
2023-10-22,P002,Phone,Electronics,C062,4,688.25,2753.0
2023-12-31,P008,Speaker,Audio,C134,1,159.53,159.53
2023-03-18,P003,Tablet,Electronics,C014,1,401.02,401.02
2023-11-06,P007,Monitor,Display,C072,4,328.2,1312.81
2023-11-29,P001,Laptop,Electronics,C166,3,928.24,2784.71
2023-08-08,P008,Speaker,Audio,C156,5,143.35,716.75
2023-08-25,P003,Tablet,Electronics,C096,2,432.24,864.49
2023-07-19,P005,Keyboard,Accessories,C032,1,84.56,84.56
2023-09-13,P003,Tablet,Electronics,C059,3,386.99,1160.97
2023-12-15,P007,Monitor,Display,C089,5,280.5,1402.49
2023-10-14,P007,Monitor,Display,C127,5,322.43,1612.17
2023-01-13,P006,Mouse,Accessories,C114,5,32.21,161.07
2023-10-03,P001,Laptop,Electronics,C182,4,1050.04,4200.17
2023-09-30,P004,Headphones,Audio,C109,2,123.15,246.31
2023-06-23,P007,Monitor,Display,C187,3,284.28,852.84
2023-08-17,P005,Keyboard,Accessories,C189,1,84.35,84.35
